,VendorID,passenger_count,trip_distance,PULocationID,DOLocationID,payment_type,fare_amount,extra,mta_tax,tip_amount,tolls_amount,improvement_surcharge,total_amount,congestion_surcharge,Airport_fee,cbd_congestion_fee
0,7,2.0,1.89,249,45,1,14.2,0.0,0.5,3.99,0.0,1.0,23.94,2.5,0.0,0.75
1,1,1.0,4.7,231,237,1,22.6,3.25,0.5,6.8,0.01,1.0,34.16,2.5,0.0,0.75
2,2,1.0,15.18,145,132,1,86.0,0.0,0.0,17.42,0.12,1.0,104.54,0.0,0.0,0.0
3,1,1.0,15.9,186,1,1,61.1,3.25,0.5,25.0,0.16,1.0,91.01,2.5,0.0,0.75
4,2,1.0,0.0,246,246,2,3.0,1.0,0.5,0.0,0.2,1.0,8.95,2.5,0.0,0.75
5,2,3.0,20.31,164,1,1,95.8,1.0,0.0,10.0,0.25,1.0,108.8,0.0,0.0,0.75
6,2,1.0,1.52,161,43,1,8.6,0.0,0.5,2.74,0.35,1.0,16.44,2.5,0.0,0.75
7,1,1.0,15.8,107,132,1,70.0,8.25,0.5,12.0,0.64,1.0,92.39,2.5,0.0,0.75
8,2,1.0,0.62,162,229,1,7.2,0.0,0.5,2.53,0.7,1.0,15.18,2.5,0.0,0.75
9,2,3.0,1.93,264,264,1,12.1,0.0,0.5,3.37,0.75,1.0,20.22,2.5,0.0,0.0
10,1,1.0,0.0,50,50,3,3.0,3.25,0.5,0.0,0.76,1.0,8.51,2.5,0.0,0.75
11,1,1.0,1.1,144,231,1,9.3,3.25,0.5,3.0,1.0,1.0,18.05,2.5,0.0,0.75
12,2,1.0,5.67,163,88,2,28.9,0.0,0.5,0.0,1.4,1.0,35.05,2.5,0.0,0.75
13,2,1.0,1.34,234,233,1,9.3,1.0,0.5,3.31,1.5,1.0,19.86,2.5,0.0,0.75
14,2,4.0,1.99,207,138,1,65.72,5.0,0.0,14.69,1.72,1.0,88.13,0.0,0.0,0.0
15,2,1.0,29.83,168,265,1,150.0,0.0,0.0,30.55,1.74,1.0,183.29,0.0,0.0,0.0
16,2,1.0,14.09,132,226,4,59.0,0.0,0.5,0.0,1.75,1.0,63.0,0.0,0.0,0.75
17,1,1.0,0.0,164,164,1,3.0,3.25,0.5,10.0,1.89,1.0,19.64,2.5,0.0,0.75
18,2,1.0,1.85,90,125,1,11.4,0.0,0.5,0.0,1.94,1.0,18.09,2.5,0.0,0.75
19,1,1.0,7.6,137,56,2,32.4,3.25,0.5,0.0,2.0,1.0,39.15,2.5,0.0,0.75
20,1,1.0,3.5,144,80,1,20.5,4.25,0.5,8.55,2.25,1.0,37.05,2.5,0.0,0.75
21,2,1.0,1.61,90,114,2,16.3,0.0,0.5,0.0,2.4,1.0,23.45,2.5,0.0,0.75
22,2,1.0,4.74,144,142,1,25.4,2.5,0.5,2.5,2.49,1.0,37.64,2.5,0.0,0.75
23,1,1.0,2.3,113,186,1,15.6,3.25,0.5,4.55,2.5,1.0,27.4,2.5,0.0,0.75
24,7,3.0,1.05,48,161,1,9.3,0.0,0.5,0.0,2.6,1.0,17.65,2.5,0.0,0.75
25,1,1.0,0.5,162,230,1,6.5,1.0,0.5,3.25,2.75,1.0,15.0,0.0,0.0,0.0
26,2,1.0,2.01,249,79,2,14.9,1.0,0.5,0.0,2.99,1.0,23.64,2.5,0.0,0.75
27,1,1.0,2.4,255,79,3,12.8,4.25,0.5,0.0,3.0,1.0,21.55,2.5,0.0,0.75
28,2,1.0,25.46,140,265,1,136.7,0.0,0.5,28.75,3.05,1.0,172.5,2.5,0.0,0.0
29,1,1.0,13.1,48,265,1,50.6,3.25,0.5,10.0,3.16,1.0,68.51,2.5,0.0,0.75
30,2,1.0,12.46,249,220,1,52.0,1.0,0.5,7.92,3.18,1.0,68.85,2.5,0.0,0.75
31,2,1.0,17.73,230,1,1,115.0,0.0,0.0,24.0,3.25,1.0,144.0,0.0,0.0,0.75
32,2,3.0,1.9,132,132,1,87.44,0.0,0.0,0.0,3.28,1.0,91.72,0.0,0.0,0.0
33,2,1.0,1.58,163,50,2,10.0,0.0,0.5,0.0,3.4,1.0,18.15,2.5,0.0,0.75
34,2,1.0,15.0,203,163,1,80.5,0.0,0.0,0.01,3.45,1.0,88.21,2.5,0.0,0.75
35,2,1.0,0.7,90,186,1,6.5,0.0,0.5,10.0,3.5,1.0,24.75,2.5,0.0,0.75
36,1,3.0,9.0,191,191,1,41.5,0.0,0.5,9.3,3.75,1.0,56.05,0.0,0.0,0.0
37,2,1.0,10.78,85,117,1,47.1,0.0,0.5,5.0,3.94,1.0,57.54,0.0,0.0,0.0
38,2,2.0,12.54,148,134,1,52.0,1.0,0.5,50.05,4.0,1.0,111.8,2.5,0.0,0.75
39,1,1.0,0.9,142,163,3,6.5,4.25,0.5,0.0,4.01,1.0,16.26,2.5,0.0,0.75
40,2,1.0,5.79,264,171,2,26.1,2.5,0.5,0.0,4.25,1.0,34.35,0.0,0.0,0.0
41,2,4.0,0.14,215,215,1,70.0,0.0,0.5,3.0,4.5,1.0,79.0,0.0,0.0,0.0
42,2,1.0,5.07,107,37,1,31.0,2.5,0.5,8.6,4.75,1.0,51.6,2.5,0.0,0.75
43,2,4.0,2.14,261,158,4,14.2,0.0,0.5,0.0,4.95,1.0,23.9,2.5,0.0,0.75
44,2,1.0,7.18,161,138,2,65.0,5.0,0.0,0.0,4.99,1.0,79.24,2.5,0.0,0.75
45,1,1.0,4.7,249,255,3,24.0,4.25,0.5,0.0,5.0,1.0,34.75,2.5,0.0,0.75
46,1,1.0,11.9,91,86,1,41.5,0.0,0.5,0.0,5.2,0.0,47.2,0.0,0.0,0.0
47,2,1.0,17.72,170,132,1,70.0,0.0,0.5,5.0,5.25,1.0,85.0,2.5,0.0,0.75
48,2,4.0,1.19,186,162,3,14.9,0.0,0.5,0.0,5.43,1.0,25.08,2.5,0.0,0.75
49,2,4.0,5.71,230,88,3,27.5,0.0,0.5,0.0,5.5,1.0,37.75,2.5,0.0,0.75
50,2,4.0,2.29,43,230,2,14.9,0.0,0.5,0.0,5.55,1.0,25.2,2.5,0.0,0.75
51,2,2.0,0.14,1,1,1,110.0,0.0,0.0,23.39,5.94,1.0,140.33,0.0,0.0,0.0
52,2,1.0,3.31,161,125,1,32.4,0.0,0.5,0.0,5.99,1.0,43.14,2.5,0.0,0.75
53,2,4.0,2.73,164,144,1,24.0,0.0,0.5,6.95,6.0,1.0,41.7,2.5,0.0,0.75
54,2,2.0,29.32,144,265,1,148.6,1.0,0.5,32.09,6.1,1.0,192.54,2.5,0.0,0.75
55,2,1.0,1.29,164,230,4,14.9,0.0,0.5,0.0,6.18,1.0,25.83,2.5,0.0,0.75
56,2,1.0,8.72,142,225,1,42.9,2.5,0.5,11.27,6.19,1.0,67.61,2.5,0.0,0.75
57,2,1.0,41.45,107,265,1,150.0,0.0,0.0,32.11,6.3,1.0,192.66,2.5,0.0,0.75
58,2,1.0,0.25,216,216,1,86.0,0.0,0.0,23.33,6.32,1.0,116.65,0.0,0.0,0.0
59,2,1.0,9.42,239,220,2,37.3,0.0,0.5,0.0,6.36,1.0,47.66,2.5,0.0,0.0
60,1,3.0,9.9,237,220,2,43.6,2.5,0.5,0.0,6.4,1.0,54.0,2.5,0.0,0.0
61,2,3.0,9.81,239,66,1,62.9,2.5,0.0,14.58,6.49,1.0,87.47,0.0,0.0,0.0
62,2,2.0,9.39,233,138,1,45.0,5.0,0.5,5.0,6.5,1.0,66.25,2.5,0.0,0.75
63,2,1.0,10.36,142,200,1,49.2,2.5,0.5,12.44,6.51,1.0,74.65,2.5,0.0,0.0
64,1,1.0,6.6,161,255,1,36.6,5.75,0.5,10.08,6.55,1.0,60.48,2.5,0.0,0.75
65,2,3.0,7.37,161,138,1,65.0,5.0,0.0,16.19,6.69,1.0,97.13,2.5,0.0,0.75
66,2,1.0,22.89,70,265,1,119.2,0.0,0.5,25.49,6.75,1.0,152.94,0.0,0.0,0.0
67,2,1.0,8.92,48,66,1,42.9,0.0,0.5,5.0,6.89,1.0,59.54,2.5,0.0,0.75
68,2,1.0,9.48,170,138,1,40.1,5.0,0.5,10.8,6.91,1.0,67.56,2.5,0.0,0.75
69,1,1.0,15.9,79,215,1,64.6,4.25,0.5,15.0,6.94,1.0,92.29,2.5,0.0,0.75
70,2,2.0,6.95,226,138,1,65.0,5.0,0.0,0.0,6.95,1.0,77.95,0.0,0.0,0.0
71,2,1.0,16.99,246,1,1,88.1,2.5,0.0,19.86,6.96,1.0,119.17,0.0,0.0,0.75
72,2,4.0,17.17,163,132,1,70.0,0.0,0.5,16.34,6.97,1.0,98.06,2.5,0.0,0.75
73,1,1.0,16.8,142,132,1,70.0,3.25,0.5,16.35,6.98,1.0,98.08,2.5,0.0,0.75
74,2,1.0,0.0,195,195,1,70.0,0.0,0.0,58.37,6.99,1.0,136.36,0.0,0.0,0.0
75,2,1.0,7.43,230,138,4,65.0,5.0,0.0,0.0,7.0,1.0,81.25,2.5,0.0,0.75
76,2,1.0,0.0,231,231,1,3.0,1.0,0.5,3.16,7.03,1.0,18.94,2.5,0.0,0.75
77,2,2.0,12.16,70,50,2,53.4,2.5,0.5,0.0,7.06,1.0,67.71,2.5,0.0,0.75
78,2,2.0,2.32,256,148,1,70.0,5.0,0.5,17.38,7.13,1.0,104.26,2.5,0.0,0.75
79,2,1.0,10.17,264,239,1,43.6,0.0,0.5,11.01,7.44,1.0,66.05,2.5,0.0,0.0
80,2,1.0,13.15,264,264,1,55.5,2.5,0.5,17.42,7.69,1.0,87.11,2.5,0.0,0.0
81,2,2.0,17.16,264,42,1,70.0,0.0,0.5,0.0,7.75,1.0,79.25,0.0,0.0,0.0
82,2,1.0,4.66,233,151,1,24.7,1.0,0.5,9.55,7.77,1.0,47.77,2.5,0.0,0.75
83,2,1.0,3.62,74,140,1,70.0,0.0,0.5,16.52,7.84,1.0,99.11,2.5,0.0,0.75
84,2,1.0,12.14,231,138,1,50.6,0.0,0.5,10.0,7.94,1.0,73.29,2.5,0.0,0.75
85,1,2.0,3.1,230,230,1,3.0,3.25,0.5,0.0,8.0,1.0,15.75,2.5,0.0,0.75
86,2,1.0,16.36,162,132,1,70.0,5.0,0.5,21.97,8.13,1.0,109.85,2.5,0.0,0.75
87,2,3.0,10.98,28,164,1,70.0,5.0,0.5,17.59,8.19,1.0,105.53,2.5,0.0,0.75
88,2,4.0,2.28,132,132,1,80.72,0.0,0.0,0.0,8.21,1.0,89.93,0.0,0.0,0.0
89,2,1.0,19.77,186,259,1,103.8,0.0,0.5,23.36,8.25,1.0,140.16,2.5,0.0,0.75
90,2,1.0,11.0,233,138,1,42.9,6.0,0.5,12.4,8.34,1.0,74.39,2.5,0.0,0.75
91,2,1.0,0.91,148,45,2,70.0,5.0,0.5,0.0,8.38,1.0,88.13,2.5,0.0,0.75
92,2,1.0,11.6,265,1,1,115.0,0.0,0.0,24.89,8.44,1.0,149.33,0.0,0.0,0.0
93,2,1.0,1.66,142,238,1,10.0,0.0,0.5,3.0,8.5,1.0,25.5,2.5,0.0,0.0
94,2,4.0,0.17,134,197,1,85.0,0.0,0.0,18.91,8.55,1.0,113.46,0.0,0.0,0.0
95,2,2.0,0.01,48,48,1,70.0,5.0,0.5,10.0,8.64,1.0,98.39,2.5,0.0,0.75
96,2,1.0,16.78,74,265,1,87.7,0.0,0.5,19.58,8.68,1.0,117.46,0.0,0.0,0.0
97,2,2.0,0.0,166,166,1,70.0,0.0,0.5,16.04,8.69,1.0,96.23,0.0,0.0,0.0
98,2,1.0,2.84,234,107,1,20.5,1.0,0.5,10.5,8.75,1.0,45.5,2.5,0.0,0.75
99,2,1.0,16.21,132,140,1,70.0,0.0,0.5,16.73,8.89,1.0,100.37,2.5,0.0,0.75
100,2,1.0,2.65,145,230,4,70.0,0.0,0.5,0.0,8.93,1.0,83.68,2.5,0.0,0.75
101,1,1.0,3.2,145,264,1,70.0,3.25,0.5,16.66,8.94,1.0,100.35,2.5,0.0,0.75
102,2,1.0,4.53,234,112,4,24.7,1.0,0.5,0.0,8.99,1.0,39.44,2.5,0.0,0.75
103,2,3.0,3.19,223,138,4,70.0,5.0,0.0,0.0,9.0,1.0,85.0,0.0,0.0,0.0
104,2,2.0,6.82,170,198,1,35.2,0.0,0.5,4.82,9.05,1.0,53.07,2.5,0.0,0.0
105,2,1.0,11.24,162,138,1,46.4,5.0,0.5,13.05,9.11,1.0,78.31,2.5,0.0,0.75
106,2,1.0,9.55,170,138,1,38.0,5.0,0.5,11.37,9.12,1.0,68.24,2.5,0.0,0.75
107,2,2.0,15.22,10,230,1,70.0,0.0,0.5,16.79,9.19,1.0,100.73,2.5,0.0,0.75
108,2,1.0,1.98,170,68,4,70.0,0.0,0.5,0.0,9.24,1.0,83.99,2.5,0.0,0.75
109,2,1.0,16.5,132,249,1,70.0,0.0,0.5,7.5,9.25,1.0,91.5,2.5,0.0,0.75
110,2,1.0,9.65,162,138,1,38.7,5.0,0.5,5.0,9.27,1.0,62.72,2.5,0.0,0.75
111,2,3.0,17.0,132,68,1,70.0,0.0,0.5,15.0,9.44,1.0,99.19,2.5,0.0,0.75
112,2,1.0,13.58,226,132,1,94.35,0.0,0.0,10.0,9.45,1.0,114.8,0.0,0.0,0.0
113,2,3.0,7.71,162,97,4,34.5,0.0,0.5,0.0,9.49,1.0,51.24,2.5,0.0,0.75
114,1,4.0,12.3,230,138,2,52.7,9.25,0.5,0.0,9.5,1.0,72.95,2.5,0.0,0.75
115,1,1.0,2.8,186,145,1,26.1,3.25,0.5,1.0,9.54,1.0,41.39,2.5,0.0,0.75
116,2,4.0,6.43,157,216,1,95.0,0.0,0.0,11.0,9.55,1.0,116.55,0.0,0.0,0.0
117,2,1.0,9.28,162,138,1,65.0,5.0,0.0,16.78,9.65,1.0,100.68,2.5,0.0,0.75
118,2,1.0,9.68,142,138,1,70.0,5.0,0.0,17.79,9.69,1.0,106.73,2.5,0.0,0.75
119,2,1.0,17.43,230,138,1,67.4,5.0,0.5,17.39,9.79,1.0,104.33,2.5,0.0,0.75
120,2,1.0,0.0,230,230,1,3.0,0.0,0.5,3.51,9.8,1.0,21.06,2.5,0.0,0.75
121,2,1.0,28.99,107,265,1,115.0,0.0,0.0,25.82,9.85,1.0,154.92,2.5,0.0,0.75
122,2,1.0,15.98,50,70,1,60.4,0.0,0.5,18.77,9.94,1.0,93.86,2.5,0.0,0.75
123,2,1.0,22.87,234,265,1,101.7,1.0,0.5,23.49,9.99,1.0,140.93,2.5,0.0,0.75
124,2,4.0,0.02,230,230,1,70.0,0.0,0.5,16.95,10.0,1.0,101.7,2.5,0.0,0.75
125,2,2.0,16.3,186,174,4,68.8,0.0,0.5,0.0,10.12,1.0,83.67,2.5,0.0,0.75
126,2,2.0,0.0,163,163,1,65.0,0.0,0.0,19.86,10.19,1.0,99.3,2.5,0.0,0.75
127,2,1.0,6.7,113,42,1,31.0,0.0,0.5,9.24,10.44,1.0,55.43,2.5,0.0,0.75
128,2,3.0,19.53,163,1,2,94.4,0.0,0.0,0.0,10.5,1.0,106.65,0.0,0.0,0.75
129,1,1.0,18.6,132,51,1,68.8,1.0,0.5,5.0,10.69,1.0,86.99,0.0,0.0,0.0
130,2,3.0,9.09,237,138,2,64.3,5.0,0.0,0.0,10.74,1.0,81.79,0.0,0.0,0.75
131,7,1.0,17.74,100,1,1,74.4,0.0,0.5,22.01,10.88,1.0,132.04,2.5,0.0,0.75
132,2,2.0,16.79,163,132,1,70.0,0.0,0.5,12.0,10.94,1.0,97.69,2.5,0.0,0.75
133,1,1.0,10.9,145,222,1,100.0,0.0,0.0,22.4,11.0,1.0,134.4,0.0,0.0,0.0
134,2,2.0,9.38,93,186,1,70.0,0.0,0.5,17.17,11.1,1.0,103.02,2.5,0.0,0.75
135,2,1.0,10.07,93,186,1,40.1,1.0,0.5,11.4,11.14,1.0,68.39,2.5,0.0,0.75
136,2,1.0,17.55,132,238,1,115.0,0.0,0.0,25.93,11.15,1.0,155.58,2.5,0.0,0.0
137,2,1.0,5.0,194,138,1,65.0,5.0,0.0,10.0,11.19,1.0,92.19,0.0,0.0,0.0
138,2,1.0,1.33,48,186,3,19.1,0.0,0.5,0.0,11.2,1.0,35.05,2.5,0.0,0.75
139,2,3.0,3.8,193,230,4,49.6,0.0,0.0,0.0,11.21,1.0,62.56,0.0,0.0,0.75
140,2,1.0,16.68,93,265,1,80.0,0.0,0.0,8.0,11.23,1.0,100.23,0.0,0.0,0.0
141,2,2.0,6.66,249,7,1,33.1,1.0,0.5,5.0,11.25,1.0,55.1,2.5,0.0,0.75
142,2,1.0,13.48,10,48,1,70.0,5.0,0.5,10.0,11.34,1.0,101.09,2.5,0.0,0.75
143,2,2.0,16.76,230,132,1,70.0,0.0,0.5,0.0,11.35,1.0,86.1,2.5,0.0,0.75
144,2,3.0,14.14,45,132,1,70.0,5.0,0.5,10.0,11.44,1.0,97.94,0.0,0.0,0.0
145,2,4.0,16.1,163,132,1,85.0,0.0,0.0,0.0,11.45,1.0,100.7,2.5,0.0,0.75
146,2,4.0,9.05,230,70,2,70.0,5.0,0.0,0.0,11.49,1.0,89.99,2.5,0.0,0.0
147,2,1.0,17.37,162,132,1,70.0,5.0,0.5,13.69,11.5,1.0,104.94,2.5,0.0,0.75
148,2,1.0,15.23,132,141,1,70.0,0.0,0.5,17.26,11.54,1.0,103.55,2.5,0.0,0.75
149,2,1.0,14.39,145,132,1,70.0,0.0,0.5,16.64,11.69,1.0,99.83,0.0,0.0,0.0
150,2,1.0,13.47,93,262,1,52.0,0.0,0.5,13.57,11.84,1.0,81.41,2.5,0.0,0.0
151,2,4.0,14.38,145,132,1,97.0,0.0,0.0,21.98,11.88,1.0,131.86,0.0,0.0,0.0
152,2,2.0,17.7,230,138,1,73.0,5.0,0.5,5.0,11.89,1.0,99.64,2.5,0.0,0.75
153,2,1.0,16.5,161,132,2,70.0,0.0,0.5,0.0,11.9,1.0,86.65,2.5,0.0,0.75
154,2,1.0,10.43,70,79,1,47.8,0.0,0.5,12.9,11.94,1.0,77.39,2.5,0.0,0.75
155,2,3.0,9.57,161,138,1,71.3,5.0,0.0,3.0,11.95,1.0,93.0,0.0,0.0,0.75
156,2,1.0,12.1,130,140,1,70.0,0.0,0.5,10.0,11.99,1.0,96.74,2.5,0.0,0.75
157,2,1.0,9.55,134,132,1,70.0,0.0,0.5,16.7,12.0,1.0,100.2,0.0,0.0,0.0
158,1,1.0,11.0,161,138,1,42.9,8.25,0.5,12.95,12.04,1.0,77.64,2.5,0.0,0.75
159,2,2.0,13.02,215,163,1,70.0,0.0,0.5,17.38,12.13,1.0,104.26,2.5,0.0,0.75
160,1,1.0,22.7,117,220,1,72.5,0.0,0.5,0.0,12.14,0.0,85.14,0.0,0.0,0.0
161,2,1.0,13.81,10,79,1,70.0,0.0,0.5,21.75,12.23,1.0,108.73,2.5,0.0,0.75
162,2,1.0,21.55,48,132,4,70.0,0.0,0.5,0.0,12.24,1.0,86.99,2.5,0.0,0.75
163,2,1.0,16.02,132,161,1,70.0,0.0,0.5,17.4,12.25,1.0,104.4,2.5,0.0,0.75
164,2,1.0,12.94,230,138,1,61.8,5.0,0.5,0.0,12.28,1.0,83.83,2.5,0.0,0.75
165,2,1.0,17.78,132,239,1,70.0,0.0,0.5,17.26,12.32,1.0,103.58,2.5,0.0,0.0
166,2,1.0,11.34,157,132,1,89.0,0.0,0.0,20.47,12.34,1.0,122.81,0.0,0.0,0.0
167,2,4.0,16.88,132,230,1,70.0,0.0,0.5,17.43,12.38,1.0,104.56,2.5,0.0,0.75
168,2,1.0,11.69,230,138,1,53.4,7.5,0.5,0.0,12.45,1.0,78.1,2.5,0.0,0.75
169,2,2.0,0.57,216,216,1,87.0,0.0,0.0,0.0,12.5,1.0,100.5,0.0,0.0,0.0
170,2,1.0,14.82,10,163,1,70.0,0.0,0.5,15.0,12.54,1.0,102.29,2.5,0.0,0.75
171,2,3.0,0.0,265,265,1,74.0,0.0,0.0,15.0,12.65,1.0,102.65,0.0,0.0,0.0
172,2,1.0,15.64,163,132,3,93.77,0.0,0.0,0.0,12.69,1.0,110.71,2.5,0.0,0.75
173,2,4.0,0.04,134,197,1,85.0,0.0,0.0,10.0,12.75,1.0,108.75,0.0,0.0,0.0
174,2,1.0,9.85,164,138,1,41.5,5.0,0.5,12.84,12.94,1.0,77.03,2.5,0.0,0.75
175,2,3.0,0.0,230,230,1,85.0,0.0,0.0,0.0,13.0,1.0,102.25,2.5,0.0,0.75
176,2,1.0,75.19,132,265,1,250.0,0.0,0.0,79.21,13.04,1.0,343.25,0.0,0.0,0.0
177,2,1.0,9.02,93,100,4,60.8,2.5,0.0,0.0,13.11,1.0,78.16,0.0,0.0,0.75
178,2,1.0,15.43,230,31,4,63.9,0.0,0.5,0.0,13.18,1.0,81.83,2.5,0.0,0.75
179,2,1.0,10.57,70,142,1,47.1,0.0,0.5,12.86,13.19,1.0,77.15,2.5,0.0,0.0
180,2,1.0,15.46,145,132,1,70.0,0.0,0.5,21.19,13.25,1.0,105.94,0.0,0.0,0.0
181,1,1.0,4.4,90,265,1,28.2,3.25,0.5,3.67,13.38,1.0,50.0,2.5,0.0,0.75
182,2,1.0,16.89,230,132,1,70.0,5.0,0.5,10.0,13.4,1.0,103.15,2.5,0.0,0.75
183,2,1.0,14.58,130,263,1,70.0,0.0,0.5,17.49,13.43,1.0,104.92,2.5,0.0,0.0
184,2,1.0,9.92,70,143,2,40.1,1.0,0.5,0.0,13.44,1.0,58.54,2.5,0.0,0.0
185,2,1.0,0.01,161,161,1,85.0,0.0,0.0,20.55,13.49,1.0,123.29,2.5,0.0,0.75
186,2,2.0,7.71,70,116,1,32.4,0.0,0.5,9.48,13.5,1.0,56.88,0.0,0.0,0.0
187,2,4.0,14.35,10,74,1,70.0,0.0,0.5,21.26,13.54,1.0,106.3,0.0,0.0,0.0
188,2,1.0,8.27,70,162,2,33.8,1.0,0.5,0.0,13.68,1.0,53.23,2.5,0.0,0.75
189,2,1.0,9.07,264,244,3,40.8,0.0,0.5,0.0,13.69,1.0,55.99,0.0,0.0,0.0
190,2,2.0,6.33,56,233,1,45.0,0.0,0.0,0.0,13.8,1.0,63.05,2.5,0.0,0.75
191,2,1.0,14.34,66,172,2,0.01,0.0,0.0,0.0,13.88,1.0,14.89,0.0,0.0,0.0
192,2,1.0,4.22,79,112,1,22.6,1.0,0.5,8.3,13.89,1.0,49.79,2.5,0.0,0.0
193,2,1.0,10.23,170,138,1,47.8,5.0,0.5,14.3,13.93,1.0,85.78,2.5,0.0,0.75
194,2,1.0,10.94,70,230,1,52.7,0.0,0.5,14.28,13.94,1.0,85.67,2.5,0.0,0.75
195,2,2.0,4.82,48,74,2,26.8,2.5,0.5,0.0,13.99,1.0,48.04,2.5,0.0,0.75
196,2,1.0,2.47,170,262,1,70.0,0.0,0.5,4.0,14.0,1.0,92.75,2.5,0.0,0.75
197,2,3.0,20.59,186,251,1,89.1,0.0,0.5,10.0,14.01,1.0,117.86,2.5,0.0,0.75
198,2,1.0,4.37,48,265,1,41.2,1.0,0.0,11.6,14.06,1.0,69.61,0.0,0.0,0.75
199,2,1.0,1.35,42,152,1,70.0,0.0,0.5,15.4,14.08,1.0,100.98,0.0,0.0,0.0
200,1,1.0,17.7,162,1,1,91.6,0.75,0.0,32.25,14.14,1.0,139.74,0.0,0.0,0.75
201,2,2.0,16.77,132,161,1,70.0,0.0,0.5,17.79,14.19,1.0,106.73,2.5,0.0,0.75
202,2,3.0,19.29,132,238,1,70.0,5.0,0.5,18.66,14.32,1.0,111.98,2.5,0.0,0.0
203,2,1.0,16.68,230,132,1,70.0,0.0,0.5,5.0,14.44,1.0,94.19,2.5,0.0,0.75
204,2,1.0,17.39,230,132,1,85.0,0.0,0.0,20.75,14.49,1.0,124.49,2.5,0.0,0.75
205,2,1.0,0.0,161,161,1,87.0,0.0,0.0,21.15,14.5,1.0,126.9,2.5,0.0,0.75
206,2,1.0,18.66,132,229,1,70.0,5.0,0.5,18.86,14.55,1.0,113.16,2.5,0.0,0.75
207,2,2.0,0.58,74,42,1,70.0,0.0,0.5,17.22,14.59,1.0,103.31,0.0,0.0,0.0
208,2,1.0,16.36,142,132,3,90.0,0.0,0.0,0.0,14.69,1.0,108.94,2.5,0.0,0.75
209,2,1.0,10.43,232,265,1,70.2,1.0,0.0,0.0,14.75,1.0,87.7,0.0,0.0,0.75
210,2,4.0,17.07,230,1,2,85.3,1.0,0.0,0.0,14.76,1.0,102.81,0.0,0.0,0.75
211,2,4.0,3.58,197,132,4,95.0,0.0,0.0,0.0,14.78,1.0,110.78,0.0,0.0,0.0
212,2,1.0,0.0,143,143,1,70.0,0.0,0.5,17.93,14.89,1.0,107.57,2.5,0.0,0.75
213,2,1.0,10.16,261,194,1,42.9,2.5,0.5,13.01,14.9,1.0,78.06,2.5,0.0,0.75
214,2,1.0,0.0,143,143,4,70.0,0.0,0.5,0.0,14.92,1.0,89.67,2.5,0.0,0.75
215,2,2.0,16.31,163,132,1,70.0,0.0,0.5,17.94,14.93,1.0,107.62,2.5,0.0,0.75
216,2,1.0,15.48,145,132,1,70.0,0.0,0.5,10.0,14.94,1.0,96.44,0.0,0.0,0.0
217,2,1.0,12.05,163,138,1,49.9,6.0,0.5,5.0,14.95,1.0,80.6,2.5,0.0,0.75
218,2,1.0,16.01,143,132,3,90.0,0.0,0.0,0.0,14.99,1.0,109.24,2.5,0.0,0.75
219,1,1.0,3.1,229,7,1,18.4,5.75,0.5,8.15,15.0,1.0,48.8,2.5,0.0,0.75
220,2,1.0,10.61,90,138,1,71.3,5.0,0.0,23.32,15.25,1.0,116.62,0.0,0.0,0.75
221,2,1.0,13.67,161,265,1,70.9,0.0,0.0,4.0,15.38,1.0,92.03,0.0,0.0,0.75
222,2,1.0,16.39,132,230,1,70.0,0.0,0.5,18.03,15.42,1.0,108.2,2.5,0.0,0.75
223,2,1.0,16.71,10,243,1,70.0,0.0,0.5,17.39,15.43,1.0,104.32,0.0,0.0,0.0
224,2,1.0,11.48,161,138,1,48.5,0.0,0.5,13.09,15.44,1.0,78.53,0.0,0.0,0.0
225,2,2.0,3.8,197,132,1,87.0,0.0,0.0,20.7,15.5,1.0,124.2,0.0,0.0,0.0
226,2,1.0,11.54,230,138,1,50.6,5.0,0.5,15.18,15.55,1.0,91.08,2.5,0.0,0.75
227,1,1.0,8.4,93,35,1,36.6,0.0,0.5,10.75,15.69,1.0,64.54,0.0,0.0,0.0
228,2,4.0,11.87,145,132,1,110.0,0.0,0.0,25.35,15.75,1.0,152.1,0.0,0.0,0.0
229,2,4.0,13.77,10,48,1,92.65,0.0,0.0,0.0,15.88,1.0,112.78,2.5,0.0,0.75
230,2,3.0,18.01,132,87,4,87.0,0.0,0.0,0.0,15.94,1.0,106.44,2.5,0.0,0.0
231,2,2.0,19.84,132,166,1,70.0,0.0,0.5,10.0,16.0,1.0,100.0,2.5,0.0,0.0
232,2,4.0,13.89,161,1,1,95.0,0.0,0.0,15.0,16.02,1.0,127.77,0.0,0.0,0.75
233,7,3.0,3.11,114,114,1,19.8,0.0,0.5,8.32,16.05,1.0,49.93,2.5,0.0,0.75
234,1,1.0,18.2,162,1,1,88.8,0.75,0.0,21.3,16.06,1.0,127.91,0.0,0.0,0.75
235,2,1.0,4.58,87,265,1,35.9,1.0,0.0,10.95,16.09,1.0,65.69,0.0,0.0,0.75
236,2,1.0,16.12,132,201,1,59.0,1.0,0.5,15.53,16.13,1.0,93.16,0.0,0.0,0.0
237,2,1.0,9.87,264,142,1,41.5,0.0,0.5,12.34,16.19,1.0,74.03,2.5,0.0,0.0
238,2,1.0,13.68,68,265,1,94.0,0.0,0.0,0.0,16.21,1.0,111.96,0.0,0.0,0.75
239,2,1.0,20.53,43,265,2,100.0,0.0,0.0,0.0,16.24,1.0,117.99,0.0,0.0,0.75
240,2,2.0,81.38,162,265,1,252.0,0.0,0.0,67.53,16.36,1.0,337.64,0.0,0.0,0.75
241,2,1.0,0.0,239,239,1,70.0,0.0,0.5,17.59,16.44,1.0,105.53,0.0,0.0,0.0
242,2,1.0,19.01,237,1,1,94.4,0.0,0.0,22.52,16.46,1.0,135.13,0.0,0.0,0.75
243,2,3.0,16.59,230,1,1,83.2,0.0,0.0,20.29,16.52,1.0,121.76,0.0,0.0,0.75
244,2,2.0,16.52,132,100,1,70.0,0.0,0.5,18.26,16.54,1.0,109.55,2.5,0.0,0.75
245,2,1.0,22.56,263,1,1,114.0,0.0,0.0,26.46,16.56,1.0,158.77,0.0,0.0,0.75
246,2,1.0,14.56,10,230,1,87.95,0.0,0.0,21.62,16.65,1.0,129.72,2.5,0.0,0.0
247,1,1.0,16.3,48,1,1,80.0,0.75,0.0,24.6,16.66,1.0,123.01,0.0,0.0,0.75
248,2,1.0,15.87,230,132,1,90.0,0.0,0.0,22.19,16.69,1.0,133.13,2.5,0.0,0.75
249,2,3.0,17.88,239,265,1,96.5,1.0,0.0,23.19,16.71,1.0,139.15,0.0,0.0,0.75
250,2,1.0,16.14,230,132,1,89.0,0.0,0.0,22.01,16.79,1.0,132.05,2.5,0.0,0.75
251,2,2.0,4.98,138,193,1,21.2,6.0,0.5,0.0,0.0,1.0,30.45,0.0,1.75,0.0
252,2,1.0,14.53,132,265,1,91.9,2.5,0.5,0.0,0.3,1.0,97.95,0.0,1.75,0.0
253,2,3.0,27.92,132,230,4,70.0,0.0,0.5,0.0,0.36,1.0,76.86,2.5,1.75,0.75
254,2,3.0,20.28,132,140,1,70.0,0.0,0.5,10.0,1.23,1.0,86.98,2.5,1.75,0.0
255,2,1.0,0.0,132,132,1,135.5,0.0,0.0,27.56,1.3,1.0,167.11,0.0,1.75,0.0
256,2,1.0,11.57,132,265,1,80.7,0.0,0.5,8.56,1.65,1.0,94.16,0.0,1.75,0.0
257,1,1.0,11.7,132,265,1,63.2,2.75,0.5,5.0,2.0,1.0,74.45,0.0,1.75,0.0
258,2,1.0,11.12,138,87,1,58.3,5.0,0.5,10.0,2.25,1.0,82.05,2.5,1.75,0.75
259,2,1.0,6.51,132,180,1,27.5,0.0,0.5,7.88,2.5,1.0,41.13,0.0,1.75,0.0
260,2,1.0,15.91,132,201,1,59.0,0.0,0.5,12.62,2.6,1.0,77.47,0.0,1.75,0.0
261,2,3.0,11.16,132,27,1,44.3,0.0,0.5,12.14,2.75,1.0,62.44,0.0,1.75,0.0
262,1,1.0,8.3,132,265,2,44.3,2.75,0.5,0.0,3.0,1.0,51.55,0.0,1.75,0.0
263,2,1.0,11.1,132,265,1,44.3,1.0,0.5,10.0,3.18,1.0,61.73,0.0,1.75,0.0
264,2,1.0,17.41,132,201,1,63.9,1.0,0.5,12.0,3.4,1.0,83.55,0.0,1.75,0.0
265,2,2.0,12.31,132,265,1,71.6,0.0,0.5,15.32,3.5,1.0,93.67,0.0,1.75,0.0
266,2,2.0,18.27,132,232,2,70.0,0.0,0.5,0.0,3.75,1.0,80.25,2.5,1.75,0.75
267,2,1.0,9.81,132,37,1,44.3,2.5,0.5,10.44,3.88,1.0,64.37,0.0,1.75,0.0
268,2,1.0,19.2,132,249,4,70.0,5.0,0.5,0.0,3.94,1.0,85.44,2.5,1.75,0.75
269,2,2.0,15.7,132,140,4,79.0,0.0,0.0,0.0,3.99,1.0,88.99,2.5,1.75,0.75
270,2,1.0,13.63,132,265,1,96.8,2.5,0.5,31.66,4.0,1.0,138.96,0.0,1.75,0.75
271,2,1.0,10.6,132,265,1,43.6,0.0,0.5,14.88,4.5,1.0,66.23,0.0,1.75,0.0
272,2,3.0,8.62,138,230,1,65.0,5.0,0.0,15.84,4.95,1.0,96.79,2.5,1.75,0.75
273,2,1.0,10.97,132,82,4,40.8,1.0,0.5,0.0,5.0,1.0,50.05,0.0,1.75,0.0
274,2,1.0,18.91,138,117,1,72.3,6.0,0.5,17.0,5.2,1.0,103.75,0.0,1.75,0.0
275,2,1.0,15.59,132,201,1,59.7,1.0,0.5,16.9,5.4,1.0,86.25,0.0,1.75,0.0
276,2,2.0,9.38,138,25,1,67.0,5.0,0.0,15.69,5.44,1.0,95.88,0.0,1.75,0.0
277,2,1.0,16.07,132,201,2,61.8,2.5,0.5,0.0,5.5,1.0,73.05,0.0,1.75,0.0
278,2,1.0,16.75,132,201,1,66.7,0.0,0.5,10.0,5.6,1.0,85.55,0.0,1.75,0.0
279,2,1.0,10.21,132,265,1,44.3,0.0,0.5,10.7,5.94,1.0,64.19,0.0,1.75,0.0
280,2,1.0,9.25,132,265,1,53.4,1.0,0.5,10.0,6.0,1.0,73.65,0.0,1.75,0.0
281,1,1.0,13.6,132,265,1,76.5,2.75,0.5,17.4,6.18,1.0,104.33,0.0,1.75,0.0
282,2,3.0,32.08,132,265,4,118.5,0.0,0.5,0.0,6.23,1.0,127.98,0.0,1.75,0.0
283,2,1.0,19.17,132,142,1,70.0,0.0,0.5,8.28,6.25,1.0,91.03,2.5,1.75,0.75
284,1,1.0,14.6,132,265,1,90.5,1.75,0.5,0.0,6.36,1.0,100.11,0.0,1.75,0.0
285,2,2.0,17.44,132,232,1,70.0,0.0,0.5,0.0,6.44,1.0,82.94,2.5,1.75,0.75
286,2,1.0,13.36,70,228,2,58.3,5.0,0.5,0.0,6.45,1.0,73.0,0.0,1.75,0.0
287,2,4.0,16.69,132,90,1,120.0,0.0,0.0,0.0,6.49,1.0,132.49,2.5,1.75,0.75
288,2,1.0,13.6,132,265,1,88.4,1.0,0.5,10.0,6.5,1.0,109.15,0.0,1.75,0.0
289,1,0.0,17.5,132,230,1,70.0,10.0,0.5,17.6,6.64,1.0,105.74,2.5,1.75,0.75
290,2,1.0,14.69,132,142,1,100.0,0.0,0.0,21.55,6.75,1.0,131.05,0.0,1.75,0.0
291,2,3.0,0.24,138,138,1,120.0,5.0,0.0,26.57,6.84,1.0,161.16,0.0,1.75,0.0
292,2,1.0,16.45,132,201,1,61.1,1.0,0.5,14.1,6.9,1.0,86.35,0.0,1.75,0.0
293,2,1.0,19.41,132,231,1,115.0,0.0,0.0,0.0,6.92,1.0,127.92,2.5,1.75,0.75
294,2,3.0,6.65,138,163,2,58.0,5.0,0.0,0.0,6.93,1.0,75.93,2.5,1.75,0.75
295,2,1.0,8.44,138,141,1,33.8,6.0,0.5,5.0,6.94,1.0,57.49,2.5,1.75,0.0
296,2,1.0,9.46,138,148,1,55.0,5.0,0.0,14.24,6.95,1.0,87.19,2.5,1.75,0.75
297,1,1.0,16.6,132,161,1,70.0,5.0,0.5,16.65,6.96,1.0,100.11,2.5,1.75,0.75
298,2,1.0,18.9,132,232,1,70.0,0.0,0.5,16.35,6.98,1.0,99.83,2.5,1.75,0.75
299,2,1.0,11.45,138,231,1,66.4,5.0,0.0,16.03,6.99,1.0,97.92,0.0,1.75,0.75
300,2,1.0,20.35,132,88,1,70.0,0.0,0.5,16.35,7.0,1.0,99.85,2.5,1.75,0.75
301,1,1.0,12.8,138,265,1,61.1,10.0,0.5,0.01,7.02,1.0,79.63,2.5,1.75,0.75
302,2,1.0,31.7,132,265,2,190.0,0.0,0.0,0.0,7.04,1.0,199.79,0.0,1.75,0.0
303,2,3.0,51.03,132,265,1,301.2,2.5,0.0,62.4,7.29,1.0,376.14,0.0,1.75,0.0
304,2,1.0,17.75,132,148,3,70.0,0.0,0.5,0.0,7.31,1.0,83.81,2.5,1.75,0.75
305,2,1.0,9.27,138,144,1,69.0,5.0,0.0,17.15,7.5,1.0,104.65,2.5,1.75,0.75
306,2,1.0,17.23,132,148,1,70.0,0.0,0.5,16.49,7.69,1.0,100.68,2.5,1.75,0.75
307,2,2.0,20.7,132,141,1,70.0,0.0,0.5,10.0,7.75,1.0,94.25,2.5,1.75,0.75
308,2,1.0,10.92,132,117,1,45.0,0.0,0.5,0.0,7.8,1.0,56.05,0.0,1.75,0.0
309,2,1.0,17.72,132,107,4,70.0,0.0,0.5,0.0,7.94,1.0,84.44,2.5,1.75,0.75
310,2,2.0,18.73,132,89,1,70.9,1.0,0.5,14.97,7.99,1.0,98.11,0.0,1.75,0.0
311,2,2.0,10.51,132,265,1,90.0,0.0,0.0,19.8,8.0,1.0,120.55,0.0,1.75,0.0
312,2,1.0,46.76,132,265,1,255.0,0.0,0.5,52.94,8.19,1.0,319.38,0.0,1.75,0.0
313,2,1.0,13.96,138,257,2,53.4,6.0,0.5,0.0,8.43,1.0,71.08,0.0,1.75,0.0
314,2,2.0,17.67,132,230,4,70.0,0.0,0.5,0.0,8.5,1.0,85.0,2.5,1.75,0.75
315,2,1.0,19.35,132,211,1,70.0,0.0,0.5,10.0,8.64,1.0,95.14,2.5,1.75,0.75
316,2,1.0,23.87,132,265,1,106.6,0.0,0.5,20.0,8.68,1.0,138.53,0.0,1.75,0.0
317,2,1.0,88.35,132,265,2,486.0,0.0,0.0,0.0,8.69,1.0,497.44,0.0,1.75,0.0
318,1,1.0,29.1,132,265,1,143.0,4.25,0.5,0.0,8.84,1.0,157.59,0.0,1.75,0.0
319,2,1.0,36.64,132,265,1,195.5,0.0,0.5,8.0,8.88,1.0,215.63,0.0,1.75,0.0
320,2,2.0,17.23,132,186,1,70.0,0.0,0.5,16.73,8.9,1.0,102.13,2.5,1.75,0.75
321,2,1.0,16.07,132,208,1,61.1,0.0,0.5,14.31,8.94,1.0,87.6,0.0,1.75,0.0
322,2,1.0,8.7,138,230,1,60.1,6.0,0.0,15.36,8.95,1.0,93.91,0.0,1.75,0.75
323,2,1.0,17.16,132,164,1,70.0,0.0,0.5,1.0,8.99,1.0,85.74,2.5,1.75,0.0
324,2,3.0,6.43,138,237,1,70.0,5.0,0.0,17.65,9.0,1.0,107.65,2.5,1.75,0.75
325,2,2.0,18.51,132,263,2,70.0,0.0,0.5,0.0,9.02,1.0,84.77,2.5,1.75,0.0
326,2,1.0,20.96,132,243,1,70.0,0.0,0.5,16.12,9.11,1.0,98.48,0.0,1.75,0.0
327,2,1.0,22.14,132,261,2,70.0,0.0,0.5,0.0,9.12,1.0,85.62,2.5,1.75,0.75
328,2,2.0,35.3,138,265,1,200.4,7.5,0.5,43.71,9.13,1.0,263.99,0.0,1.75,0.0
329,2,2.0,41.12,132,265,1,147.2,1.0,0.5,0.0,9.19,1.0,160.64,0.0,1.75,0.0
330,2,2.0,18.3,132,263,1,70.0,0.0,0.5,8.0,9.2,1.0,92.95,2.5,1.75,0.0
331,2,2.0,17.21,132,161,1,70.0,5.0,0.5,17.8,9.25,1.0,108.55,2.5,1.75,0.75
332,2,1.0,9.88,138,237,1,40.8,5.0,0.5,11.81,9.27,1.0,72.63,2.5,1.75,0.0
333,2,4.0,18.2,132,125,1,70.0,0.0,0.5,16.81,9.3,1.0,102.61,2.5,1.75,0.75
334,2,2.0,18.56,132,142,1,70.0,0.0,0.5,16.84,9.44,1.0,102.78,2.5,1.75,0.75
335,2,1.0,28.14,138,40,1,47.8,5.0,0.5,15.94,9.45,1.0,81.44,0.0,1.75,0.0
336,2,1.0,10.94,138,164,4,51.3,5.0,0.5,0.0,9.49,1.0,72.29,2.5,1.75,0.75
337,1,1.0,17.1,132,161,1,70.0,10.0,0.5,18.15,9.5,1.0,109.15,2.5,1.75,0.75
338,2,4.0,0.0,132,132,1,87.0,0.0,0.0,19.51,9.55,1.0,118.81,0.0,1.75,0.0
339,2,1.0,16.88,132,161,3,70.0,0.0,0.5,0.0,9.69,1.0,86.19,2.5,1.75,0.75
340,2,1.0,21.68,132,66,1,79.3,0.0,0.5,18.11,9.75,1.0,110.41,0.0,1.75,0.0
341,2,1.0,9.09,70,148,1,65.0,5.0,0.0,16.81,9.79,1.0,102.6,2.5,1.75,0.75
342,2,2.0,18.17,132,79,1,70.0,0.0,0.5,16.91,9.8,1.0,103.21,2.5,1.75,0.75
343,2,1.0,8.74,138,161,2,52.7,7.5,0.5,0.0,9.84,1.0,76.54,2.5,1.75,0.75
344,2,2.0,18.25,132,238,1,70.0,0.0,0.5,10.0,9.88,1.0,96.38,2.5,1.75,0.75
345,2,1.0,27.99,132,65,1,107.3,0.0,0.5,23.74,9.89,1.0,144.18,0.0,1.75,0.0
346,2,2.0,19.22,132,238,1,70.0,0.0,0.5,16.93,9.9,1.0,103.33,2.5,1.75,0.75
347,2,3.0,7.71,138,75,2,53.8,5.0,0.0,0.0,9.94,1.0,71.49,0.0,1.75,0.0
348,2,2.0,16.94,132,170,1,70.0,0.0,0.5,17.29,9.95,1.0,103.74,2.5,1.75,0.75
349,2,1.0,9.18,70,230,4,70.0,0.0,0.5,0.0,9.96,1.0,86.46,2.5,1.75,0.75
350,2,2.0,26.61,138,265,1,150.0,6.0,0.0,33.4,9.98,1.0,202.13,0.0,1.75,0.0
351,2,1.0,7.99,138,229,1,65.0,5.0,0.0,10.0,9.99,1.0,95.99,2.5,1.75,0.75
352,2,1.0,9.38,132,39,2,38.0,2.5,0.5,0.0,10.0,1.0,53.75,0.0,1.75,0.0
353,2,3.0,12.23,138,220,1,65.0,5.0,0.0,20.28,10.12,1.0,103.15,0.0,1.75,0.0
354,2,2.0,35.31,138,265,1,189.9,5.0,0.0,0.0,10.14,1.0,207.79,0.0,1.75,0.0
355,2,1.0,19.29,132,263,2,70.0,0.0,0.5,0.0,10.15,1.0,85.9,2.5,1.75,0.0
356,2,1.0,21.36,132,239,1,70.0,0.0,0.5,12.89,10.19,1.0,98.83,2.5,1.75,0.0
357,2,1.0,0.0,132,132,1,85.72,0.0,0.0,19.39,10.21,1.0,118.07,0.0,1.75,0.0
358,2,1.0,19.01,132,169,4,75.1,1.0,0.5,0.0,10.22,1.0,89.57,0.0,1.75,0.0
359,2,1.0,24.69,132,265,1,105.9,1.0,0.5,12.0,10.24,1.0,132.39,0.0,1.75,0.0
360,2,4.0,10.65,138,230,1,54.8,5.0,0.5,0.0,10.25,1.0,76.55,2.5,1.75,0.75
361,2,2.0,0.25,132,132,1,85.54,0.0,0.0,19.73,10.34,1.0,118.36,0.0,1.75,0.0
362,2,1.0,22.91,138,201,1,87.0,7.5,0.5,21.28,10.4,1.0,129.43,0.0,1.75,0.0
363,2,1.0,45.91,132,265,1,300.0,0.0,0.0,0.0,10.42,1.0,313.17,0.0,1.75,0.0
364,2,2.0,20.25,138,265,1,91.2,7.5,0.5,22.13,10.44,1.0,134.52,0.0,1.75,0.0
365,2,1.0,16.58,132,162,2,70.0,0.0,0.5,0.0,10.49,1.0,86.99,2.5,1.75,0.75
366,1,1.0,0.0,132,132,1,70.0,1.75,0.5,5.0,10.5,1.0,88.75,0.0,1.75,0.0
367,2,1.0,17.32,132,113,1,70.0,0.0,0.5,17.06,10.54,1.0,104.1,2.5,1.75,0.75
368,2,1.0,16.84,132,48,1,70.0,0.0,0.5,10.0,10.55,1.0,97.05,2.5,1.75,0.75
369,2,1.0,45.0,132,265,2,227.0,1.0,0.0,0.0,10.69,1.0,241.44,0.0,1.75,0.0
370,2,2.0,29.32,132,265,1,138.1,1.0,0.5,0.0,10.84,1.0,153.19,0.0,1.75,0.0
371,1,1.0,30.9,132,265,1,181.5,1.75,0.5,39.15,10.94,1.0,234.84,0.0,1.75,0.0
372,2,1.0,9.43,132,39,4,36.6,1.0,0.5,0.0,10.99,1.0,55.09,2.5,1.75,0.75
373,2,1.0,18.47,132,163,1,88.44,0.0,0.0,20.74,11.0,1.0,126.18,2.5,1.75,0.75
374,2,3.0,6.56,138,161,1,35.2,7.5,0.5,11.71,11.09,1.0,72.0,2.5,1.75,0.75
375,2,1.0,9.37,138,230,1,42.9,6.0,0.5,13.3,11.11,1.0,79.81,2.5,1.75,0.75
376,2,1.0,18.59,132,142,1,70.0,0.0,0.5,17.02,11.12,1.0,103.89,2.5,1.75,0.0
377,2,1.0,24.81,132,265,1,110.1,1.0,0.5,24.75,11.14,1.0,150.24,0.0,1.75,0.0
378,2,1.0,19.66,132,144,2,110.5,1.0,0.0,0.0,11.15,1.0,126.15,0.0,1.75,0.75
379,2,2.0,9.53,138,161,1,40.8,6.0,0.5,0.0,11.19,1.0,64.49,2.5,1.75,0.75
380,2,3.0,16.05,132,27,1,62.5,0.0,0.5,15.04,11.2,1.0,91.99,0.0,1.75,0.0
381,2,3.0,10.7,138,230,1,58.3,5.0,0.5,15.86,11.25,1.0,96.91,2.5,1.75,0.75
382,2,1.0,26.92,138,265,1,144.0,5.0,0.0,32.62,11.34,1.0,195.71,0.0,1.75,0.0
383,2,1.0,12.68,70,24,1,51.3,5.0,0.5,10.0,11.35,1.0,84.15,2.5,1.75,0.75
384,2,1.0,14.45,132,255,1,68.1,2.5,0.5,10.0,11.4,1.0,95.25,0.0,1.75,0.0
385,2,1.0,8.21,138,233,2,33.1,6.0,0.5,0.0,11.44,1.0,57.04,2.5,1.75,0.75
386,2,1.0,9.05,138,239,2,37.3,6.0,0.5,0.0,11.45,1.0,60.5,2.5,1.75,0.0
387,2,1.0,18.48,132,79,1,70.0,0.0,0.5,17.25,11.5,1.0,105.25,2.5,1.75,0.75
388,2,1.0,0.0,132,132,1,70.0,0.0,0.5,16.65,11.75,1.0,101.65,0.0,1.75,0.0
389,2,4.0,9.82,138,148,1,38.7,6.0,0.5,3.06,11.8,1.0,66.06,2.5,1.75,0.75
390,2,2.0,21.05,138,265,2,107.3,7.5,0.5,0.0,11.86,1.0,129.91,0.0,1.75,0.0
391,2,4.0,18.1,132,100,4,70.0,0.0,0.5,0.0,11.9,1.0,88.4,2.5,1.75,0.75
392,2,3.0,18.02,132,230,2,70.0,0.0,0.5,0.0,11.91,1.0,88.41,2.5,1.75,0.75
393,2,3.0,17.46,132,162,1,70.0,0.0,0.5,10.0,11.94,1.0,98.44,2.5,1.75,0.75
394,2,1.0,16.69,132,170,1,70.0,0.0,0.5,8.0,11.95,1.0,96.45,2.5,1.75,0.75
395,2,2.0,17.11,132,230,1,70.0,0.0,0.5,0.0,11.99,1.0,85.99,0.0,1.75,0.75
396,2,1.0,0.0,132,132,1,70.0,0.0,0.5,16.7,12.0,1.0,101.95,0.0,1.75,0.0
397,2,4.0,10.64,138,170,1,69.2,7.5,0.0,5.0,12.11,1.0,97.31,0.0,1.75,0.75
398,2,1.0,18.91,132,263,2,70.0,0.0,0.5,0.0,12.14,1.0,87.89,2.5,1.75,0.0
399,2,1.0,31.65,132,265,1,157.0,2.5,0.5,34.99,12.18,1.0,209.92,0.0,1.75,0.0
400,2,1.0,30.01,132,118,4,131.1,2.5,0.5,0.0,12.2,1.0,151.55,2.5,1.75,0.0
401,2,2.0,14.92,132,165,4,52.7,0.0,0.5,0.0,12.33,1.0,68.28,0.0,1.75,0.0
402,2,1.0,0.0,132,132,1,70.0,0.0,0.5,0.0,12.34,1.0,85.59,0.0,1.75,0.0
403,2,1.0,8.26,138,262,4,35.9,5.0,0.5,0.0,12.44,1.0,59.09,2.5,1.75,0.0
404,2,2.0,8.28,138,164,4,34.5,6.0,0.5,0.0,12.5,1.0,59.5,2.5,1.75,0.75
405,2,4.0,17.35,132,48,1,82.1,2.5,0.5,20.38,12.54,1.0,124.02,2.5,1.75,0.75
406,2,1.0,16.01,132,163,1,70.0,0.0,0.5,17.49,12.69,1.0,106.68,2.5,1.75,0.75
407,2,1.0,0.0,132,132,1,70.0,0.0,0.5,16.85,12.73,1.0,102.83,0.0,1.75,0.0
408,2,1.0,6.61,138,145,1,70.0,5.0,0.0,9.0,12.75,1.0,99.5,0.0,1.75,0.0
409,2,1.0,18.2,132,246,1,70.0,0.0,0.5,0.0,12.82,1.0,89.32,2.5,1.75,0.75
410,2,1.0,20.96,132,243,2,70.0,5.0,0.5,0.0,12.89,1.0,91.14,0.0,1.75,0.0
411,2,3.0,21.78,132,261,1,70.0,0.0,0.5,17.54,12.94,1.0,106.98,2.5,1.75,0.75
412,2,1.0,13.01,138,261,1,59.0,5.0,0.5,16.34,12.95,1.0,99.79,2.5,1.75,0.75
413,2,1.0,16.86,132,233,1,70.0,0.0,0.5,17.54,12.96,1.0,107.0,2.5,1.75,0.75
414,2,2.0,18.99,132,230,1,70.0,5.0,0.5,18.55,12.99,1.0,113.04,2.5,1.75,0.75
415,2,1.0,20.54,132,174,1,77.9,0.0,0.5,0.0,13.0,1.0,96.65,2.5,1.75,0.0
416,2,1.0,25.94,132,265,1,115.0,0.0,0.5,25.91,13.04,1.0,157.2,0.0,1.75,0.0
417,1,1.0,36.4,132,265,1,196.9,2.75,0.5,0.0,13.09,1.0,214.24,0.0,1.75,0.0
418,2,2.0,16.43,132,230,1,87.0,0.0,0.0,20.89,13.2,1.0,127.09,2.5,1.75,0.75
419,2,1.0,85.19,138,265,1,431.5,5.0,0.0,0.0,13.3,1.0,452.55,0.0,1.75,0.0
420,2,1.0,7.55,138,263,2,28.9,6.0,0.5,0.0,13.34,1.0,53.99,2.5,1.75,0.0
421,2,1.0,15.85,132,137,1,70.0,0.0,0.5,17.64,13.44,1.0,107.58,2.5,1.75,0.75
422,2,2.0,7.63,138,230,1,65.0,5.0,0.0,5.0,13.45,1.0,94.45,2.5,1.75,0.75
423,2,4.0,9.19,70,163,1,46.4,7.5,0.5,14.43,13.49,1.0,88.32,2.5,1.75,0.75
424,2,3.0,10.0,138,230,1,75.0,5.0,0.0,5.0,13.5,1.0,103.75,2.5,1.75,0.0
425,2,1.0,9.13,138,148,2,56.6,6.0,0.0,0.0,13.59,1.0,79.69,0.0,1.75,0.75
426,2,1.0,0.0,132,132,1,70.0,0.0,0.5,17.04,13.72,1.0,104.01,0.0,1.75,0.0
427,2,2.0,8.59,138,151,1,41.5,7.5,0.5,12.85,13.75,1.0,78.85,0.0,1.75,0.0
428,2,1.0,17.6,132,163,1,70.0,0.0,0.5,17.71,13.8,1.0,108.01,2.5,1.75,0.75
429,2,1.0,33.69,132,5,2,125.5,0.0,0.5,0.0,13.84,1.0,142.59,0.0,1.75,0.0
430,2,1.0,9.19,138,69,1,37.3,6.0,0.5,12.09,13.88,1.0,72.52,0.0,1.75,0.0
431,2,1.0,23.61,132,221,1,86.3,2.5,0.5,20.84,13.9,1.0,126.79,0.0,1.75,0.0
432,2,3.0,20.91,132,69,1,86.3,0.0,0.5,20.34,13.91,1.0,123.8,0.0,1.75,0.0
433,2,1.0,37.1,132,265,2,173.1,1.0,0.5,0.0,13.93,1.0,191.28,0.0,1.75,0.0
434,1,1.0,27.1,132,220,1,111.5,4.25,0.5,32.8,13.94,1.0,163.99,0.0,1.75,0.0
435,2,1.0,14.89,138,265,1,67.4,7.5,0.5,18.08,13.98,1.0,110.21,0.0,1.75,0.0
436,2,1.0,14.47,138,138,4,60.4,7.5,0.5,0.0,13.99,1.0,85.14,0.0,1.75,0.0
437,2,1.0,10.11,138,68,1,66.4,5.0,0.0,17.43,14.0,1.0,106.33,0.0,1.75,0.75
438,2,1.0,18.7,132,25,4,82.1,1.0,0.5,0.0,14.03,1.0,100.38,0.0,1.75,0.0
439,2,1.0,19.33,132,239,1,70.0,0.0,0.5,26.64,14.05,1.0,117.19,2.5,1.75,0.75
440,2,1.0,44.14,70,265,1,276.0,6.0,0.0,2.0,14.06,1.0,301.56,0.0,1.75,0.75
441,2,4.0,24.61,132,174,4,96.8,0.0,0.5,0.0,14.09,1.0,114.14,0.0,1.75,0.0
442,2,4.0,16.18,132,140,1,70.0,0.0,0.5,10.0,14.19,1.0,100.69,2.5,1.75,0.75
443,2,2.0,10.35,138,143,1,54.8,5.0,0.5,8.0,14.32,1.0,88.62,2.5,1.75,0.75
444,2,1.0,12.6,138,220,1,48.5,6.0,0.5,17.6,14.41,1.0,89.76,0.0,1.75,0.0
445,2,1.0,18.16,132,90,1,70.0,0.0,0.5,10.0,14.44,1.0,100.94,2.5,1.75,0.75
446,2,1.0,23.52,132,32,4,109.8,0.0,0.0,0.0,14.54,1.0,127.09,0.0,1.75,0.0
447,2,1.0,12.82,138,241,1,69.2,7.5,0.0,18.47,14.63,1.0,112.55,0.0,1.75,0.0
448,2,1.0,16.32,132,161,3,85.0,0.0,0.0,0.0,14.69,1.0,105.69,2.5,1.75,0.75
449,2,3.0,19.49,132,238,1,70.0,0.0,0.5,17.74,14.72,1.0,108.21,2.5,1.75,0.0
450,2,3.0,33.93,132,265,1,162.6,2.5,0.5,45.37,14.88,1.0,228.6,0.0,1.75,0.0
451,2,1.0,17.98,132,239,1,70.0,0.0,0.5,10.0,14.89,1.0,100.64,2.5,1.75,0.0
452,2,3.0,10.79,138,230,1,69.9,5.0,0.0,18.32,14.94,1.0,111.66,0.0,1.75,0.75
453,2,3.0,17.39,132,162,1,70.0,0.0,0.5,17.94,14.95,1.0,109.39,2.5,1.75,0.75
454,2,1.0,12.76,138,48,2,79.0,7.5,0.0,0.0,14.96,1.0,104.96,0.0,1.75,0.75
455,2,4.0,29.5,132,200,4,111.5,1.0,0.5,0.0,15.0,1.0,130.75,0.0,1.75,0.0
456,2,1.0,12.14,138,195,3,65.0,5.0,0.0,0.0,15.3,1.0,88.05,0.0,1.75,0.0
457,2,1.0,23.93,138,265,1,122.7,7.5,0.5,22.5,15.32,1.0,171.27,0.0,1.75,0.0
458,2,1.0,10.29,138,233,1,39.4,5.0,0.5,12.93,15.5,1.0,79.33,2.5,1.75,0.75
459,2,1.0,23.44,132,265,1,103.1,1.0,0.5,24.23,15.55,1.0,147.13,0.0,1.75,0.0
460,2,1.0,37.82,132,265,1,203.9,0.0,0.0,20.0,15.68,1.0,242.33,0.0,1.75,0.0
461,2,2.0,18.82,132,263,1,70.0,0.0,0.5,0.0,15.75,1.0,91.5,2.5,1.75,0.0
462,2,4.0,22.1,132,261,1,70.0,0.0,0.5,18.13,15.88,1.0,110.51,2.5,1.75,0.75
463,2,2.0,18.49,132,211,1,70.0,0.0,0.5,18.14,15.94,1.0,110.58,2.5,1.75,0.75
464,2,1.0,12.27,138,50,1,49.2,5.0,0.5,14.83,15.95,1.0,90.73,2.5,1.75,0.0
465,2,1.0,17.44,132,68,4,70.0,0.0,0.5,0.0,15.99,1.0,92.49,2.5,1.75,0.75
466,2,1.0,23.6,132,6,1,87.0,2.5,0.5,21.4,16.0,1.0,130.15,0.0,1.75,0.0
467,2,1.0,8.62,70,230,4,59.4,5.0,0.0,0.0,16.05,1.0,83.95,0.0,1.75,0.75
468,2,1.0,11.49,132,49,2,54.1,0.0,0.5,0.0,16.06,1.0,73.41,0.0,1.75,0.0
469,2,1.0,8.82,138,141,4,57.3,6.0,0.0,0.0,16.09,1.0,82.89,0.0,1.75,0.75
470,1,1.0,20.8,132,265,1,85.0,2.5,0.0,20.0,16.31,1.0,124.81,0.0,1.75,0.75
471,2,1.0,15.31,132,162,3,130.0,0.0,0.0,0.0,16.69,1.0,152.69,2.5,1.75,0.75
472,2,1.0,16.93,132,230,4,70.0,0.0,0.5,0.0,16.93,1.0,93.43,2.5,1.75,0.75
473,2,1.0,10.75,138,230,2,47.1,5.0,0.5,0.0,16.94,1.0,75.54,2.5,1.75,0.75
474,2,1.0,17.76,132,230,1,70.0,0.0,0.5,18.34,16.97,1.0,111.81,2.5,1.75,0.75
475,2,1.0,9.03,138,239,1,40.8,5.0,0.5,16.7,16.98,1.0,85.23,2.5,1.75,0.0
476,2,2.0,27.9,132,261,4,70.0,5.0,0.5,0.0,16.99,1.0,98.49,2.5,1.75,0.75
477,2,1.0,6.68,132,28,4,38.0,2.5,0.5,0.0,17.0,1.0,60.75,0.0,1.75,0.0
478,1,1.0,19.8,132,234,4,70.0,5.0,0.5,0.0,17.06,1.0,93.56,2.5,1.75,0.75
479,2,1.0,12.24,70,220,1,65.7,7.5,0.0,10.0,17.11,1.0,103.06,0.0,1.75,0.0
480,2,3.0,29.6,132,220,1,111.5,2.5,0.5,6.63,17.12,1.0,141.0,0.0,1.75,0.0
481,2,1.0,17.23,132,186,2,70.0,0.0,0.5,0.0,17.13,1.0,93.63,2.5,1.75,0.75
482,2,2.0,57.87,132,265,1,319.4,2.5,0.0,30.0,17.38,1.0,372.03,0.0,1.75,0.0
483,2,1.0,9.59,138,142,1,65.0,5.0,0.0,17.7,17.5,1.0,107.95,0.0,1.75,0.0
484,2,1.0,15.03,132,209,1,70.0,5.0,0.5,10.0,17.64,1.0,109.14,2.5,1.75,0.75
485,2,1.0,19.66,132,231,4,70.0,0.0,0.5,0.0,17.75,1.0,94.25,2.5,1.75,0.75
486,2,1.0,9.85,138,65,3,43.6,7.5,0.5,0.0,17.8,1.0,72.15,0.0,1.75,0.0
487,2,4.0,29.92,132,265,1,150.0,0.0,0.0,33.78,17.88,1.0,204.41,0.0,1.75,0.0
488,2,4.0,0.0,132,132,1,110.0,0.0,0.0,25.8,18.0,1.0,156.55,0.0,1.75,0.0
489,2,1.0,25.17,132,265,1,112.2,1.0,0.0,0.01,18.06,1.0,134.77,0.0,1.75,0.75
490,2,1.0,20.07,132,246,1,70.0,0.0,0.5,18.58,18.13,1.0,113.21,2.5,1.75,0.75
491,2,1.0,21.4,132,13,1,70.0,0.0,0.5,4.74,18.39,1.0,99.63,2.5,1.75,0.75
492,2,3.0,68.61,138,265,2,455.9,6.0,0.0,0.0,18.66,1.0,484.06,0.0,1.75,0.75
493,2,1.0,17.85,132,186,1,90.0,0.0,0.0,11.47,18.69,1.0,126.16,2.5,1.75,0.75
494,2,2.0,10.39,138,230,1,50.6,5.0,0.5,15.82,18.75,1.0,96.67,2.5,1.75,0.75
495,2,2.0,17.28,132,234,1,70.0,5.0,0.5,19.71,18.8,1.0,120.01,2.5,1.75,0.75
496,2,4.0,18.62,132,246,1,70.0,0.0,0.5,18.71,18.82,1.0,114.03,2.5,1.75,0.75
497,2,3.0,16.71,132,230,1,102.8,0.0,0.0,24.69,18.88,1.0,149.87,0.0,1.75,0.75
498,2,1.0,0.13,132,132,1,70.0,0.0,0.5,18.09,18.94,1.0,110.28,0.0,1.75,0.0
499,2,1.0,24.36,132,174,2,92.6,2.5,0.5,0.0,18.95,1.0,117.3,0.0,1.75,0.0
500,1,1.0,19.5,138,138,2,80.7,10.0,0.5,0.0,19.0,1.0,111.2,2.5,1.75,0.75
501,2,1.0,24.79,138,265,1,133.9,6.0,0.0,32.14,19.06,1.0,194.6,0.0,1.75,0.75
502,7,2.0,8.32,142,138,1,46.4,0.0,0.5,11.23,0.0,1.0,67.38,2.5,5.0,0.75
503,7,1.0,9.91,163,138,1,45.0,0.0,0.5,10.95,0.0,1.0,65.7,2.5,5.0,0.75
504,7,1.0,8.54,162,138,1,39.4,0.0,0.5,10.33,0.0,1.0,61.98,2.5,5.0,0.75
505,7,1.0,8.59,163,138,1,45.7,0.0,0.5,17.39,0.0,1.0,75.34,2.5,5.0,0.75
506,7,2.0,0.79,70,138,1,5.8,0.0,0.5,2.66,0.0,1.0,15.96,0.0,5.0,0.0
507,7,1.0,9.13,163,138,1,39.4,0.0,0.5,14.74,0.0,1.0,63.89,2.5,5.0,0.75
508,7,2.0,10.11,230,138,1,46.4,0.0,0.5,11.23,0.0,1.0,67.38,2.5,5.0,0.75
509,7,2.0,11.22,50,138,1,60.0,0.0,0.5,13.95,0.0,1.0,83.7,2.5,5.0,0.75
510,7,1.0,7.14,163,138,1,33.8,0.0,0.5,8.71,0.0,1.0,52.26,2.5,5.0,0.75
511,7,2.0,9.98,163,138,1,43.6,0.0,0.5,10.67,0.0,1.0,64.02,2.5,5.0,0.75
512,7,2.0,14.15,13,138,1,55.5,0.0,0.5,13.05,0.0,1.0,78.3,2.5,5.0,0.75
513,7,2.0,7.41,229,138,1,34.5,0.0,0.5,6.0,0.0,1.0,50.25,2.5,5.0,0.75
514,7,2.0,9.57,163,138,1,42.9,0.0,0.5,10.53,0.0,1.0,63.18,2.5,5.0,0.75
515,7,2.0,7.16,229,138,1,34.5,0.0,0.5,11.06,0.0,1.0,55.31,2.5,5.0,0.75
516,7,1.0,10.47,163,138,1,46.4,0.0,0.5,8.0,0.0,1.0,64.15,2.5,5.0,0.75
517,7,1.0,10.46,125,138,2,49.9,0.0,0.5,0.0,0.0,1.0,62.15,2.5,5.0,0.75
518,7,1.0,8.12,161,138,1,39.4,0.0,0.5,12.91,0.0,1.0,64.56,2.5,5.0,0.75
519,7,1.0,9.9,230,138,1,47.1,0.0,0.5,11.87,0.0,1.0,71.22,2.5,5.0,0.75
520,7,1.0,10.49,79,138,1,40.1,0.0,0.5,8.0,0.0,1.0,57.85,2.5,5.0,0.75
521,7,1.0,2.05,129,138,2,10.0,0.0,0.5,0.0,0.0,1.0,16.5,0.0,5.0,0.0
522,7,1.0,12.23,238,138,2,49.9,0.0,0.5,0.0,0.0,1.0,60.65,2.5,5.0,0.75
523,7,2.0,10.18,162,138,1,52.0,0.0,0.5,12.85,0.0,1.0,77.1,2.5,5.0,0.75
524,7,2.0,8.6,237,138,1,38.7,0.0,0.5,10.19,0.0,1.0,61.14,2.5,5.0,0.75
525,7,1.0,14.08,13,138,1,54.1,0.0,0.5,12.77,0.0,1.0,76.62,2.5,5.0,0.75
526,7,1.0,11.58,249,138,1,45.0,0.0,0.5,10.95,0.0,1.0,65.7,2.5,5.0,0.75
527,7,1.0,7.76,163,138,1,38.0,0.0,0.5,9.55,0.0,1.0,57.3,2.5,5.0,0.75
528,7,2.0,10.13,48,138,1,50.6,0.0,0.5,12.07,0.0,1.0,72.42,2.5,5.0,0.75
529,7,1.0,6.97,80,138,1,64.0,0.0,0.5,5.0,0.0,1.0,75.5,0.0,5.0,0.0
530,7,3.0,1.03,70,138,1,65.5,0.0,0.5,14.4,0.0,1.0,86.4,0.0,5.0,0.0
531,7,1.0,7.7,142,138,1,40.8,0.0,0.5,10.11,0.0,1.0,60.66,2.5,5.0,0.75
532,7,1.0,7.8,142,138,1,43.6,0.0,0.5,5.0,0.0,1.0,58.35,2.5,5.0,0.75
533,7,1.0,10.07,161,138,1,40.8,0.0,0.5,10.11,0.0,1.0,60.66,2.5,5.0,0.75
534,7,4.0,7.76,142,138,1,47.8,0.0,0.5,12.01,0.0,1.0,72.06,2.5,5.0,0.75
535,7,1.0,10.37,114,138,1,41.5,0.0,0.5,10.25,0.0,1.0,61.5,2.5,5.0,0.75
536,7,2.0,1.12,129,138,1,65.0,0.0,0.5,14.3,0.0,1.0,85.8,0.0,5.0,0.0
537,7,1.0,6.89,162,138,1,35.9,0.0,0.5,12.04,0.0,1.0,60.19,2.5,5.0,0.75
538,7,1.0,9.03,229,138,1,40.1,0.0,0.5,10.47,0.0,1.0,62.82,2.5,5.0,0.75
539,7,1.0,10.3,79,138,2,40.1,0.0,0.5,0.0,0.0,1.0,50.85,2.5,5.0,0.75
540,7,1.0,11.19,234,138,1,50.6,0.0,0.5,12.07,0.0,1.0,72.42,2.5,5.0,0.75
541,7,1.0,10.69,79,138,1,46.4,0.0,0.5,1.0,0.0,1.0,57.15,2.5,5.0,0.75
542,7,1.0,4.7,146,138,1,20.5,0.0,0.5,10.0,0.0,1.0,37.0,0.0,5.0,0.0
543,7,2.0,7.73,142,138,1,41.5,0.0,0.5,10.75,0.0,1.0,64.5,2.5,5.0,0.75
544,7,1.0,10.4,144,138,1,47.8,0.0,0.5,12.01,0.0,1.0,72.06,2.5,5.0,0.75
545,7,1.0,8.56,237,138,1,41.5,0.0,0.5,10.25,0.0,1.0,61.5,2.5,5.0,0.75
546,7,1.0,7.67,142,138,1,45.0,0.0,0.5,13.69,0.0,1.0,68.44,2.5,5.0,0.75
547,7,1.0,6.88,141,138,1,32.4,0.0,0.5,10.54,0.0,1.0,52.69,2.5,5.0,0.75
548,7,2.0,10.08,148,138,1,49.9,0.0,0.5,11.93,0.0,1.0,71.58,2.5,5.0,0.75
549,7,1.0,10.2,68,138,1,52.7,0.0,0.5,12.49,0.0,1.0,74.94,2.5,5.0,0.75
550,7,1.0,9.23,162,138,1,40.1,0.0,0.5,10.47,0.0,1.0,62.82,2.5,5.0,0.75
551,7,2.0,9.62,237,138,1,43.6,0.0,0.5,5.0,0.0,1.0,58.35,2.5,5.0,0.75
552,7,2.0,6.82,145,138,1,67.0,0.0,0.5,14.7,0.0,1.0,88.2,0.0,5.0,0.0
553,7,2.0,10.3,230,138,1,48.5,0.0,0.5,11.65,0.0,1.0,69.9,2.5,5.0,0.75
554,7,1.0,10.27,114,138,1,45.0,0.0,0.5,10.95,0.0,1.0,65.7,2.5,5.0,0.75
555,7,1.0,7.63,263,138,1,31.0,0.0,0.5,10.19,0.0,1.0,50.94,2.5,5.0,0.75
556,7,1.0,11.23,231,138,1,46.4,0.0,0.5,11.23,0.0,1.0,67.38,2.5,5.0,0.75
557,7,2.0,7.07,145,138,1,65.0,0.0,0.5,0.0,0.0,1.0,71.5,0.0,5.0,0.0
558,7,1.0,12.94,88,138,1,55.5,0.0,0.5,0.0,0.0,1.0,67.75,2.5,5.0,0.75
559,7,1.0,7.21,229,138,1,31.0,0.0,0.5,8.35,0.0,1.0,50.1,2.5,5.0,0.75
560,7,1.0,6.98,229,138,1,31.0,0.0,0.5,8.15,0.0,1.0,48.9,2.5,5.0,0.75
561,7,1.0,10.52,230,138,1,45.7,0.0,0.5,11.09,0.0,1.0,66.54,2.5,5.0,0.75
562,7,1.0,7.99,162,138,1,40.1,0.0,0.5,12.46,0.0,1.0,62.31,2.5,5.0,0.75
563,7,1.0,10.76,231,138,1,46.4,0.0,0.5,14.04,0.0,1.0,70.19,2.5,5.0,0.75
564,7,1.0,0.68,70,138,3,5.1,0.0,0.5,0.0,0.0,1.0,11.6,0.0,5.0,0.0
565,7,1.0,4.01,93,138,1,17.0,0.0,0.5,4.7,0.0,1.0,28.2,0.0,5.0,0.0
566,7,1.0,12.17,144,138,1,47.8,0.0,0.5,11.51,0.0,1.0,69.06,2.5,5.0,0.75
567,7,1.0,9.42,163,138,1,40.1,0.0,0.5,12.46,0.0,1.0,62.31,2.5,5.0,0.75
568,7,1.0,11.63,158,138,1,49.9,0.0,0.5,10.0,0.0,1.0,69.65,2.5,5.0,0.75
569,7,1.0,8.74,141,138,1,35.9,0.0,0.5,10.37,6.94,1.0,62.21,2.5,5.0,0.0
570,7,2.0,8.67,236,138,1,38.7,0.0,0.5,13.66,6.94,1.0,68.3,2.5,5.0,0.0
571,7,1.0,11.25,230,138,1,53.4,0.0,0.5,17.52,6.94,1.0,87.61,2.5,5.0,0.75
572,7,1.0,8.89,233,138,1,39.4,0.0,0.5,11.22,6.94,1.0,67.31,2.5,5.0,0.75
573,7,1.0,9.1,238,138,1,40.8,0.0,0.5,14.19,6.94,1.0,70.93,2.5,5.0,0.0
574,7,2.0,8.8,236,138,1,43.6,0.0,0.5,11.91,6.94,1.0,71.45,2.5,5.0,0.0
575,7,1.0,9.46,141,138,1,43.6,0.0,0.5,11.91,6.94,1.0,71.45,2.5,5.0,0.0
576,7,1.0,11.59,230,138,1,56.2,0.0,0.5,14.58,6.94,1.0,87.47,2.5,5.0,0.75
577,7,2.0,7.92,262,138,1,38.0,0.0,0.5,10.79,6.94,1.0,64.73,2.5,5.0,0.0
578,7,1.0,9.14,170,138,1,37.3,0.0,0.5,7.0,6.94,1.0,60.99,2.5,5.0,0.75
579,7,1.0,10.64,114,138,1,49.9,0.0,0.5,13.82,6.94,1.0,82.91,2.5,5.0,0.75
580,7,1.0,9.21,107,138,1,35.2,0.0,0.5,10.38,6.94,1.0,62.27,2.5,5.0,0.75
581,7,1.0,7.86,263,138,1,30.3,0.0,0.5,9.25,6.94,1.0,55.49,2.5,5.0,0.0
582,7,1.0,9.2,238,138,1,42.9,0.0,0.5,10.0,6.94,1.0,68.84,2.5,5.0,0.0
583,7,1.0,10.62,48,138,1,44.3,0.0,0.5,7.0,6.94,1.0,67.99,2.5,5.0,0.75
584,7,1.0,8.35,262,138,1,34.5,0.0,0.5,10.09,6.94,1.0,60.53,2.5,5.0,0.0
585,7,1.0,8.53,236,138,1,33.8,0.0,0.5,2.26,6.94,1.0,52.0,2.5,5.0,0.0
586,7,3.0,10.88,142,138,1,49.2,0.0,0.5,13.18,6.94,1.0,79.07,2.5,5.0,0.75
587,7,1.0,9.21,162,138,1,42.9,0.0,0.5,11.92,6.94,1.0,71.51,2.5,5.0,0.75
588,7,1.0,12.88,236,138,1,64.6,0.0,0.5,16.26,6.94,1.0,97.55,2.5,5.0,0.75
589,7,1.0,10.21,230,138,1,45.7,0.0,0.5,6.0,6.94,1.0,68.39,2.5,5.0,0.75
590,7,2.0,11.06,43,138,1,47.1,0.0,0.5,12.76,6.94,1.0,76.55,2.5,5.0,0.75
591,7,1.0,8.6,236,138,1,36.6,0.0,0.5,10.51,6.94,1.0,63.05,2.5,5.0,0.0
592,7,1.0,8.17,262,138,1,33.1,0.0,0.5,14.71,6.94,1.0,63.75,2.5,5.0,0.0
593,7,2.0,10.78,230,138,1,53.4,0.0,0.5,17.52,6.94,1.0,87.61,2.5,5.0,0.75
594,7,1.0,10.76,43,138,1,55.5,0.0,0.5,14.44,6.94,1.0,86.63,2.5,5.0,0.75
595,7,1.0,8.78,236,138,1,39.4,0.0,0.5,11.07,6.94,1.0,66.41,2.5,5.0,0.0
596,7,3.0,11.5,230,138,1,49.9,0.0,0.5,13.32,6.94,1.0,79.91,2.5,5.0,0.75
597,7,1.0,9.26,162,138,1,36.6,0.0,0.5,10.66,6.94,1.0,63.95,2.5,5.0,0.75
598,7,1.0,10.56,142,138,1,45.0,0.0,0.5,12.19,6.94,1.0,73.13,2.5,5.0,0.0
599,7,1.0,9.05,236,138,1,41.5,0.0,0.5,11.99,6.94,1.0,71.93,2.5,5.0,0.0
600,7,1.0,8.0,262,138,1,32.4,0.0,0.5,10.17,6.94,1.0,61.01,2.5,5.0,0.0
601,7,1.0,9.47,237,138,1,45.7,0.0,0.5,18.49,6.94,1.0,80.13,2.5,5.0,0.0
602,7,1.0,10.87,163,138,1,48.5,0.0,0.5,13.04,6.94,1.0,78.23,2.5,5.0,0.75
603,7,1.0,7.68,263,138,1,30.3,0.0,0.5,9.25,6.94,1.0,55.49,2.5,5.0,0.0
604,7,1.0,9.26,151,138,1,38.7,0.0,0.5,10.43,6.94,1.0,62.57,0.0,5.0,0.0
605,7,2.0,9.7,230,138,1,45.7,0.0,0.5,6.61,6.94,1.0,69.0,2.5,5.0,0.75
606,7,1.0,9.77,234,138,1,42.2,0.0,0.5,8.0,6.94,1.0,66.89,2.5,5.0,0.75
607,7,1.0,9.3,162,138,1,36.6,0.0,0.5,8.37,6.94,1.0,64.16,2.5,5.0,0.75
608,7,1.0,9.82,100,138,1,40.1,0.0,0.5,11.86,6.94,1.0,71.15,2.5,5.0,0.75
609,7,1.0,10.2,237,138,1,40.1,0.0,0.5,11.21,6.94,1.0,67.25,2.5,5.0,0.0
610,7,1.0,10.87,233,138,1,42.9,0.0,0.5,5.0,6.94,1.0,64.59,2.5,5.0,0.75
611,7,1.0,8.25,236,138,1,36.6,0.0,0.5,2.0,6.94,1.0,54.54,2.5,5.0,0.0
612,7,1.0,9.88,186,138,1,61.1,0.0,0.5,5.0,6.94,1.0,82.79,2.5,5.0,0.75
613,7,1.0,15.42,239,138,1,56.2,0.0,0.5,14.43,6.94,1.0,86.57,2.5,5.0,0.0
614,7,1.0,11.58,230,138,1,58.3,0.0,0.5,15.0,6.94,1.0,89.99,2.5,5.0,0.75
615,7,1.0,10.12,234,138,1,47.8,0.0,0.5,6.66,6.94,1.0,71.15,2.5,5.0,0.75
616,7,1.0,8.96,236,138,1,38.7,0.0,0.5,8.2,6.94,1.0,62.84,2.5,5.0,0.0
617,7,1.0,15.26,88,138,1,60.4,0.0,0.5,15.42,6.94,1.0,92.51,2.5,5.0,0.75
618,7,1.0,7.88,263,138,1,33.8,0.0,0.5,9.95,6.94,1.0,59.69,2.5,5.0,0.0
619,7,1.0,9.05,162,138,1,38.0,0.0,0.5,10.94,6.94,1.0,65.63,2.5,5.0,0.75
620,7,1.0,9.03,170,138,1,38.7,0.0,0.5,11.58,6.94,1.0,69.47,2.5,5.0,0.75
621,7,1.0,10.89,163,138,1,66.7,0.0,0.5,10.0,6.94,1.0,95.89,2.5,5.0,0.75
622,7,2.0,9.22,162,138,1,47.1,0.0,0.5,9.94,6.94,1.0,76.23,2.5,5.0,0.75
623,7,1.0,12.05,164,138,1,50.6,0.0,0.5,10.0,6.94,1.0,79.79,2.5,5.0,0.75
624,7,1.0,10.9,233,138,1,41.5,0.0,0.5,11.84,6.94,1.0,71.03,2.5,5.0,0.75
625,7,1.0,8.89,170,138,1,37.3,0.0,0.5,13.5,6.94,1.0,67.49,2.5,5.0,0.75
626,7,1.0,10.95,230,138,1,46.4,0.0,0.5,15.77,6.94,1.0,78.86,2.5,5.0,0.75
627,7,1.0,8.74,140,138,1,38.0,0.0,0.5,10.79,6.94,1.0,64.73,2.5,5.0,0.0
628,7,1.0,10.21,239,138,1,47.1,0.0,0.5,12.61,6.94,1.0,75.65,2.5,5.0,0.0
629,7,1.0,11.86,163,138,1,48.5,0.0,0.5,13.04,6.94,1.0,78.23,2.5,5.0,0.75
630,7,2.0,16.08,261,138,1,62.5,0.0,0.5,11.88,6.94,1.0,91.07,2.5,5.0,0.75
631,7,2.0,8.58,43,138,1,38.0,0.0,0.5,10.29,6.94,1.0,61.73,0.0,5.0,0.0
632,7,1.0,10.05,68,138,1,56.2,0.0,0.5,18.22,6.94,1.0,91.11,2.5,5.0,0.75
633,7,2.0,9.24,236,138,2,40.8,0.0,0.5,0.0,6.94,1.0,56.74,2.5,5.0,0.0
634,7,1.0,9.56,161,138,1,49.2,0.0,0.5,13.68,6.94,1.0,82.07,2.5,5.0,0.75
635,7,1.0,10.06,239,138,1,46.4,0.0,0.5,12.97,6.94,1.0,77.81,2.5,5.0,0.0
636,7,1.0,14.64,13,138,1,59.0,0.0,0.5,15.64,6.94,1.0,93.83,2.5,5.0,0.75
637,7,1.0,9.62,68,138,1,49.9,0.0,0.5,13.82,6.94,1.0,82.91,2.5,5.0,0.75
638,7,1.0,10.44,142,138,2,40.8,0.0,0.5,0.0,6.94,1.0,57.74,2.5,5.0,0.0
639,7,1.0,8.44,236,138,1,34.5,0.0,0.5,10.09,6.94,1.0,60.53,2.5,5.0,0.0
640,7,4.0,10.67,43,138,1,51.3,0.0,0.5,13.6,6.94,1.0,81.59,2.5,5.0,0.75
641,7,1.0,11.63,230,138,1,50.6,0.0,0.5,10.0,6.94,1.0,77.29,2.5,5.0,0.75
642,7,1.0,10.45,68,138,1,47.8,0.0,0.5,12.9,6.94,1.0,77.39,2.5,5.0,0.75
643,7,1.0,8.57,263,138,1,34.5,0.0,0.5,10.59,6.94,1.0,63.53,2.5,5.0,0.0
644,7,1.0,8.72,141,138,1,44.3,0.0,0.5,15.69,6.94,1.0,78.43,2.5,5.0,0.0
645,7,1.0,10.25,162,138,1,40.8,0.0,0.5,11.5,6.94,1.0,68.99,2.5,5.0,0.75
646,7,1.0,9.56,186,138,1,40.1,0.0,0.5,14.2,6.94,1.0,70.99,2.5,5.0,0.75
647,7,1.0,8.83,237,138,2,38.0,0.0,0.5,0.0,6.94,1.0,53.94,2.5,5.0,0.0
648,7,1.0,10.7,230,138,1,53.4,0.0,0.5,5.0,6.94,1.0,75.09,2.5,5.0,0.75
649,7,1.0,11.47,230,138,1,45.0,0.0,0.5,12.34,6.94,1.0,74.03,2.5,5.0,0.75
650,7,1.0,9.34,237,138,1,38.7,0.0,0.5,10.0,6.94,1.0,64.64,2.5,5.0,0.0
651,7,1.0,11.0,68,138,1,45.7,0.0,0.5,15.6,6.94,1.0,77.99,2.5,5.0,0.75
652,7,1.0,8.98,151,138,1,38.7,0.0,0.5,13.04,6.94,1.0,65.18,0.0,5.0,0.0
653,7,2.0,11.98,107,138,2,49.9,0.0,0.5,0.0,6.94,1.0,66.59,2.5,5.0,0.75
654,7,1.0,10.9,230,138,1,66.0,0.0,0.5,16.54,6.94,1.0,99.23,2.5,5.0,0.75
655,7,1.0,11.01,186,138,1,53.4,0.0,0.5,17.52,6.94,1.0,87.61,2.5,5.0,0.75
656,7,1.0,9.29,162,138,1,38.0,0.0,0.5,10.94,6.94,1.0,65.63,2.5,5.0,0.75
657,7,1.0,8.99,170,138,1,35.9,0.0,0.5,7.89,6.94,1.0,60.48,2.5,5.0,0.75
658,7,1.0,9.89,161,138,1,40.1,0.0,0.5,11.36,6.94,1.0,68.15,2.5,5.0,0.75
659,7,2.0,11.21,186,138,1,49.2,0.0,0.5,13.18,6.94,1.0,79.07,2.5,5.0,0.75
660,7,1.0,8.77,236,138,1,40.1,0.0,0.5,11.21,6.94,1.0,67.25,2.5,5.0,0.0
661,7,1.0,8.46,262,138,1,33.8,0.0,0.5,9.95,6.94,1.0,59.69,2.5,5.0,0.0
662,7,1.0,8.21,236,138,1,34.5,0.0,0.5,10.09,6.94,1.0,60.53,2.5,5.0,0.0
663,7,1.0,10.08,79,138,1,42.9,0.0,0.5,11.92,6.94,1.0,71.51,2.5,5.0,0.75
664,7,1.0,8.21,262,138,1,33.1,0.0,0.5,10.0,6.94,1.0,59.04,2.5,5.0,0.0
665,7,2.0,10.55,48,138,1,49.9,0.0,0.5,5.0,6.94,1.0,71.59,2.5,5.0,0.75
666,7,1.0,9.18,170,138,1,35.9,0.0,0.5,13.15,6.94,1.0,65.74,2.5,5.0,0.75
667,7,1.0,12.17,50,138,1,52.0,0.0,0.5,17.17,6.94,1.0,85.86,2.5,5.0,0.75
668,7,1.0,9.24,237,138,1,36.6,0.0,0.5,6.0,6.94,1.0,61.04,2.5,5.0,0.0
669,7,1.0,8.82,170,138,1,35.2,0.0,0.5,10.58,6.94,1.0,63.47,2.5,5.0,0.75
670,7,1.0,9.24,229,138,2,35.2,0.0,0.5,0.0,6.94,1.0,52.89,2.5,5.0,0.75
671,7,1.0,10.51,249,138,1,48.5,0.0,0.5,13.04,6.94,1.0,78.23,2.5,5.0,0.75
672,7,1.0,10.23,142,138,1,48.5,0.0,0.5,12.89,6.94,1.0,77.33,2.5,5.0,0.0
673,7,1.0,9.87,100,138,1,45.0,0.0,0.5,12.34,6.94,1.0,74.03,2.5,5.0,0.75
674,7,1.0,10.05,229,138,1,43.6,0.0,0.5,18.09,6.94,1.0,78.38,2.5,5.0,0.75
675,7,1.0,10.03,246,138,1,45.7,0.0,0.5,12.48,6.94,1.0,74.87,2.5,5.0,0.75
676,7,1.0,8.5,140,138,1,33.8,0.0,0.5,7.5,6.94,1.0,57.24,2.5,5.0,0.0
677,7,1.0,9.61,230,138,1,70.0,0.0,0.5,4.33,6.94,1.0,91.02,2.5,5.0,0.75
678,7,1.0,7.97,262,138,1,31.0,0.0,0.5,9.59,6.94,1.0,57.53,2.5,5.0,0.0
679,7,1.0,8.68,141,138,2,33.1,0.0,0.5,0.0,6.94,1.0,50.04,2.5,5.0,0.0
680,7,1.0,9.13,164,138,1,38.0,0.0,0.5,10.94,6.94,1.0,65.63,2.5,5.0,0.75
681,7,1.0,10.25,237,138,1,41.5,0.0,0.5,11.49,6.94,1.0,68.93,2.5,5.0,0.0
682,7,1.0,10.98,233,138,1,42.2,0.0,0.5,5.0,6.94,1.0,63.89,2.5,5.0,0.75
683,7,1.0,9.74,142,138,1,41.5,0.0,0.5,11.49,6.94,1.0,68.93,2.5,5.0,0.0
684,7,1.0,9.21,161,138,1,38.0,0.0,0.5,10.94,6.94,1.0,65.63,2.5,5.0,0.75
685,7,1.0,10.87,163,138,1,42.9,0.0,0.5,11.92,6.94,1.0,71.51,2.5,5.0,0.75
686,7,2.0,9.11,238,138,1,44.3,0.0,0.5,12.05,6.94,1.0,72.29,2.5,5.0,0.0
687,7,4.0,9.88,48,138,1,47.8,0.0,0.5,12.9,6.94,1.0,77.39,2.5,5.0,0.75
688,7,1.0,9.19,162,138,1,40.1,0.0,0.5,11.86,6.94,1.0,71.15,2.5,5.0,0.75
689,7,1.0,9.53,230,138,1,38.0,0.0,0.5,13.92,6.94,1.0,69.61,2.5,5.0,0.75
690,7,1.0,9.0,237,138,1,42.9,0.0,0.5,11.77,6.94,1.0,70.61,2.5,5.0,0.0
691,7,1.0,9.59,239,138,1,43.6,0.0,0.5,11.91,6.94,1.0,71.45,2.5,5.0,0.0
692,7,1.0,11.66,230,138,1,47.8,0.0,0.5,19.35,6.94,1.0,83.84,2.5,5.0,0.75
693,7,1.0,12.11,48,138,2,48.5,0.0,0.5,0.0,6.94,1.0,65.19,2.5,5.0,0.75
694,7,1.0,17.05,230,138,1,66.0,0.0,0.5,16.54,6.94,1.0,99.23,2.5,5.0,0.75
695,7,1.0,10.08,239,138,1,45.0,0.0,0.5,12.19,6.94,1.0,73.13,2.5,5.0,0.0
696,7,1.0,14.4,261,138,1,65.3,0.0,0.5,16.4,6.94,1.0,98.39,2.5,5.0,0.75
697,7,1.0,9.06,107,138,1,36.6,0.0,0.5,11.16,6.94,1.0,66.95,2.5,5.0,0.75
698,7,1.0,13.3,161,138,1,56.2,0.0,0.5,11.31,6.94,1.0,86.7,2.5,5.0,0.75
699,7,2.0,8.42,262,138,1,33.8,0.0,0.5,9.95,6.94,1.0,59.69,2.5,5.0,0.0
700,7,2.0,9.92,237,138,1,45.0,0.0,0.5,0.0,6.94,1.0,61.69,2.5,5.0,0.75
701,7,2.0,14.28,261,138,1,54.8,0.0,0.5,14.3,6.94,1.0,85.79,2.5,5.0,0.75
702,7,1.0,10.66,143,138,1,46.4,0.0,0.5,7.0,6.94,1.0,69.34,2.5,5.0,0.0
703,7,1.0,9.41,100,138,1,39.4,0.0,0.5,5.61,6.94,1.0,61.7,2.5,5.0,0.75
704,7,2.0,11.87,161,138,1,46.4,0.0,0.5,10.0,6.94,1.0,73.09,2.5,5.0,0.75
705,7,1.0,9.97,100,138,1,49.2,0.0,0.5,13.18,6.94,1.0,79.07,2.5,5.0,0.75
706,7,1.0,9.94,239,138,1,42.2,0.0,0.5,11.63,6.94,1.0,69.77,2.5,5.0,0.0
707,7,1.0,8.03,262,138,1,31.7,0.0,0.5,9.53,6.94,1.0,57.17,2.5,5.0,0.0
708,7,1.0,10.06,90,138,1,48.5,0.0,0.5,5.0,6.94,1.0,70.19,2.5,5.0,0.75
709,7,1.0,9.17,141,138,1,38.0,0.0,0.5,10.79,6.94,1.0,64.73,2.5,5.0,0.0
710,7,2.0,17.05,230,138,1,70.2,0.0,0.5,17.38,6.94,1.0,104.27,2.5,5.0,0.75
711,7,1.0,9.83,68,138,1,43.6,0.0,0.5,12.06,6.94,1.0,72.35,2.5,5.0,0.75
712,7,2.0,8.83,170,138,2,33.8,0.0,0.5,0.0,6.94,1.0,50.49,2.5,5.0,0.75
713,7,1.0,14.98,261,138,1,62.5,0.0,0.5,15.84,6.94,1.0,95.03,2.5,5.0,0.75
714,7,1.0,9.24,164,138,1,42.9,0.0,0.5,11.92,6.94,1.0,71.51,2.5,5.0,0.75
715,7,2.0,10.21,230,138,1,44.3,0.0,0.5,5.0,6.94,1.0,65.99,2.5,5.0,0.75
716,7,1.0,9.86,100,138,1,44.3,0.0,0.5,12.2,6.94,1.0,73.19,2.5,5.0,0.75
717,7,1.0,8.43,43,138,1,36.6,0.0,0.5,10.01,6.94,1.0,60.05,0.0,5.0,0.0
718,7,2.0,8.82,140,138,2,37.3,0.0,0.5,0.0,6.94,1.0,53.24,2.5,5.0,0.0
719,7,1.0,9.02,236,138,1,35.9,0.0,0.5,10.87,6.94,1.0,65.21,2.5,5.0,0.0
720,7,1.0,9.04,151,138,1,39.4,0.0,0.5,10.57,6.94,1.0,63.41,0.0,5.0,0.0
721,7,1.0,9.14,233,138,1,42.2,0.0,0.5,11.78,6.94,1.0,70.67,2.5,5.0,0.75
722,7,1.0,13.51,148,138,1,68.8,0.0,0.5,17.1,6.94,1.0,102.59,2.5,5.0,0.75
723,7,1.0,8.92,140,138,1,35.9,0.0,0.5,12.96,6.94,1.0,64.8,2.5,5.0,0.0
724,7,3.0,9.37,100,138,1,37.3,0.0,0.5,10.8,6.94,1.0,64.79,2.5,5.0,0.75
725,7,1.0,9.93,161,138,1,42.2,0.0,0.5,11.78,6.94,1.0,70.67,2.5,5.0,0.75
726,7,2.0,10.46,239,138,1,45.7,0.0,0.5,13.03,6.94,1.0,78.17,2.5,5.0,0.0
727,7,1.0,9.45,107,138,1,38.7,0.0,0.5,10.0,6.94,1.0,65.39,2.5,5.0,0.75
728,7,1.0,8.89,170,138,1,36.6,0.0,0.5,10.66,6.94,1.0,63.95,2.5,5.0,0.75
729,7,1.0,9.51,100,138,1,41.5,0.0,0.5,14.55,6.94,1.0,72.74,2.5,5.0,0.75
730,7,1.0,9.86,100,138,1,46.4,0.0,0.5,12.62,6.94,1.0,75.71,2.5,5.0,0.75
731,7,2.0,9.5,161,138,1,42.9,0.0,0.5,15.52,6.94,1.0,77.61,2.5,5.0,0.75
732,7,2.0,8.71,262,138,1,34.5,0.0,0.5,6.0,6.94,1.0,56.44,2.5,5.0,0.0
733,7,1.0,8.45,262,138,1,33.8,0.0,0.5,9.95,6.94,1.0,59.69,2.5,5.0,0.0
734,7,1.0,9.02,141,138,1,38.7,0.0,0.5,10.93,6.94,1.0,65.57,2.5,5.0,0.0
735,7,2.0,7.8,24,138,1,33.8,0.0,0.5,9.45,6.94,1.0,56.69,0.0,5.0,0.0
736,7,1.0,9.66,234,138,1,44.3,0.0,0.5,15.25,6.94,1.0,76.24,2.5,5.0,0.75
737,7,2.0,12.09,230,138,1,53.4,0.0,0.5,12.0,6.94,1.0,82.09,2.5,5.0,0.75
738,7,1.0,10.75,143,138,1,45.0,0.0,0.5,15.23,6.94,1.0,76.17,2.5,5.0,0.0
739,7,1.0,10.43,68,138,1,50.6,0.0,0.5,13.46,6.94,1.0,80.75,2.5,5.0,0.75
740,7,2.0,8.43,24,138,1,38.0,0.0,0.5,10.29,6.94,1.0,61.73,0.0,5.0,0.0
741,7,2.0,9.58,161,138,1,45.0,0.0,0.5,12.34,6.94,1.0,74.03,2.5,5.0,0.75
742,7,1.0,8.88,140,138,1,40.8,0.0,0.5,11.85,6.94,1.0,71.09,2.5,5.0,0.0
743,7,1.0,11.35,249,138,1,52.7,0.0,0.5,14.38,6.94,1.0,86.27,2.5,5.0,0.75
744,7,1.0,10.02,161,138,1,48.5,0.0,0.5,16.3,6.94,1.0,81.49,2.5,5.0,0.75
745,7,1.0,8.17,263,138,1,31.7,0.0,0.5,9.53,6.94,1.0,57.17,2.5,5.0,0.0
746,7,1.0,11.47,230,138,1,45.0,0.0,0.5,5.0,6.94,1.0,66.69,2.5,5.0,0.75
747,7,1.0,10.17,229,138,1,38.7,0.0,0.5,6.0,6.94,1.0,61.39,2.5,5.0,0.75
748,7,1.0,10.86,163,138,1,53.4,0.0,0.5,17.52,6.94,1.0,87.61,2.5,5.0,0.75
749,7,2.0,8.82,236,138,1,38.7,0.0,0.5,10.93,6.94,1.0,65.57,2.5,5.0,0.0
750,7,1.0,8.31,236,138,1,35.9,0.0,0.5,9.0,6.94,1.0,60.84,2.5,5.0,0.0
751,7,2.0,11.4,163,138,1,45.7,0.0,0.5,20.8,13.88,1.0,90.13,2.5,5.0,0.75
752,7,1.0,12.24,163,138,1,49.2,0.0,0.5,0.0,16.05,1.0,75.01,2.5,5.0,0.75
753,7,1.0,11.48,138,36,1,47.1,0.0,0.5,5.0,0.0,1.0,60.35,0.0,6.75,0.0
754,7,2.0,10.36,138,239,1,49.9,0.0,0.5,15.35,0.0,1.0,76.75,2.5,6.75,0.75
755,7,1.0,7.64,138,163,2,38.0,0.0,0.5,0.0,0.0,1.0,49.5,2.5,6.75,0.75
756,7,1.0,11.42,132,138,1,49.9,0.0,0.5,11.63,0.0,1.0,69.78,0.0,6.75,0.0
757,7,1.0,5.28,138,95,1,22.6,0.0,0.5,9.26,0.0,1.0,40.11,0.0,6.75,0.0
758,7,1.0,6.62,138,229,1,34.5,0.0,0.5,9.2,0.0,1.0,55.2,2.5,6.75,0.75
759,7,1.0,2.67,138,179,1,15.6,0.0,0.5,5.0,0.0,1.0,31.35,0.0,6.75,0.0
760,7,1.0,8.94,138,144,1,42.2,0.0,0.5,14.05,0.0,1.0,70.25,2.5,6.75,0.75
761,7,2.0,9.87,138,65,1,45.0,0.0,0.5,11.15,0.0,1.0,66.9,0.0,6.75,0.0
762,7,1.0,8.85,138,75,1,46.4,0.0,0.5,6.04,0.0,1.0,66.44,2.5,6.75,0.75
763,7,4.0,1.96,138,260,4,9.3,0.0,0.5,0.0,0.0,1.0,20.05,0.0,6.75,0.0
764,7,2.0,12.26,138,71,1,59.7,0.0,0.5,5.0,0.0,1.0,75.45,0.0,6.75,0.0
765,7,2.0,6.89,138,37,2,29.6,0.0,0.5,0.0,0.0,1.0,40.35,0.0,6.75,0.0
766,7,1.0,7.5,138,256,1,34.5,0.0,0.5,7.0,0.0,1.0,52.25,0.0,6.75,0.0
767,7,1.0,9.76,138,61,1,42.2,0.0,0.5,15.88,0.0,1.0,68.83,0.0,6.75,0.0
768,7,1.0,1.17,138,70,1,9.3,0.0,0.5,3.71,0.0,1.0,22.26,0.0,6.75,0.0
769,7,1.0,17.16,138,85,1,69.5,0.0,0.5,15.75,0.0,1.0,94.5,0.0,6.75,0.0
770,7,1.0,11.41,138,198,1,46.4,0.0,0.5,5.0,0.0,1.0,60.65,0.0,6.75,0.0
771,7,1.0,7.91,138,107,1,37.3,0.0,0.5,9.96,0.0,1.0,59.76,2.5,6.75,0.75
772,7,2.0,7.55,138,196,1,31.0,0.0,0.5,8.05,0.0,1.0,48.3,0.0,6.75,0.0
773,7,1.0,3.06,138,7,1,17.7,0.0,0.5,4.0,0.0,1.0,30.95,0.0,6.75,0.0
774,7,1.0,11.38,138,189,1,53.4,0.0,0.5,10.0,0.0,1.0,72.65,0.0,6.75,0.0
775,7,1.0,11.11,138,52,1,44.3,0.0,0.5,10.71,0.0,1.0,64.26,0.0,6.75,0.0
776,7,1.0,8.86,138,237,1,38.0,0.0,0.5,10.0,0.0,1.0,60.5,2.5,6.75,0.75
777,7,1.0,6.9,138,237,1,33.8,0.0,0.5,9.06,0.0,1.0,54.36,2.5,6.75,0.75
778,7,2.0,11.0,138,65,1,53.4,0.0,0.5,12.33,0.0,1.0,73.98,0.0,6.75,0.0
779,7,1.0,22.27,138,108,2,87.0,0.0,0.5,0.0,0.0,1.0,95.25,0.0,6.75,0.0
780,7,4.0,11.48,138,132,1,47.1,0.0,0.5,0.0,0.0,1.0,55.35,0.0,6.75,0.0
781,7,1.0,3.68,138,92,2,17.7,0.0,0.5,0.0,0.0,1.0,25.95,0.0,6.75,0.0
782,7,2.0,6.91,138,112,1,28.2,0.0,0.5,7.29,0.0,1.0,43.74,0.0,6.75,0.0
783,7,1.0,5.84,138,134,1,25.4,0.0,0.5,3.0,0.0,1.0,36.65,0.0,6.75,0.0
784,7,1.0,12.1,138,166,1,56.2,0.0,0.5,10.15,0.0,1.0,77.85,2.5,6.75,0.75
785,7,2.0,11.54,132,138,1,44.3,0.0,0.5,13.14,0.0,1.0,65.69,0.0,6.75,0.0
786,7,1.0,6.18,138,112,1,25.4,0.0,0.5,0.0,0.0,1.0,34.65,0.0,6.75,0.0
787,7,1.0,4.78,138,53,1,21.9,0.0,0.5,3.0,0.0,1.0,34.15,0.0,6.75,0.0
788,7,2.0,8.95,138,48,1,65.0,0.0,0.5,8.5,0.0,1.0,85.0,2.5,6.75,0.75
789,7,1.0,10.81,70,63,2,47.1,0.0,0.5,0.0,0.0,1.0,56.35,0.0,6.75,0.0
790,7,1.0,3.51,138,223,1,15.6,0.0,0.5,3.73,0.0,1.0,28.58,0.0,6.75,0.0
791,7,1.0,11.42,138,188,1,53.4,0.0,0.5,12.53,0.0,1.0,75.18,0.0,6.75,0.0
792,7,3.0,3.24,138,92,2,14.2,0.0,0.5,0.0,0.0,1.0,23.45,0.0,6.75,0.0
793,7,1.0,4.32,138,226,2,21.9,0.0,0.5,0.0,0.0,1.0,30.15,0.0,6.75,0.0
794,7,1.0,24.34,138,265,1,89.8,0.0,0.5,10.0,0.0,1.0,108.05,0.0,6.75,0.0
795,7,1.0,1.37,138,70,2,9.3,0.0,0.5,0.0,0.0,1.0,17.55,0.0,6.75,0.0
796,7,2.0,9.62,138,79,1,38.7,0.0,0.5,5.0,0.0,1.0,55.2,2.5,6.75,0.75
797,7,1.0,8.88,138,161,1,37.3,0.0,0.5,12.2,0.0,1.0,61.0,2.5,6.75,0.75
798,7,1.0,13.38,138,13,1,56.2,0.0,0.5,20.31,0.0,1.0,88.01,2.5,6.75,0.75
799,7,2.0,9.73,138,148,1,39.4,0.0,0.5,10.18,0.0,1.0,61.08,2.5,6.75,0.75
800,7,1.0,11.07,138,25,1,45.7,0.0,0.5,10.79,0.0,1.0,64.74,0.0,6.75,0.0
801,7,1.0,7.24,138,255,1,33.1,0.0,0.5,8.27,0.0,1.0,49.62,0.0,6.75,0.0
802,7,1.0,10.52,138,231,1,46.4,0.0,0.5,11.58,0.0,1.0,69.48,2.5,6.75,0.75
803,7,1.0,14.16,138,257,1,56.2,0.0,0.5,16.11,0.0,1.0,80.56,0.0,6.75,0.0
804,7,1.0,9.64,138,113,1,44.3,0.0,0.5,10.0,0.0,1.0,65.8,2.5,6.75,0.75
805,7,2.0,0.0,138,252,1,9.3,0.0,0.5,3.51,0.0,1.0,21.06,0.0,6.75,0.0
806,7,1.0,6.75,138,163,1,34.5,0.0,0.5,9.2,0.0,1.0,55.2,2.5,6.75,0.75
807,7,2.0,4.48,138,226,1,21.9,0.0,0.5,6.03,0.0,1.0,36.18,0.0,6.75,0.0
808,7,1.0,9.29,138,142,1,48.5,0.0,0.5,0.0,0.0,1.0,60.0,2.5,6.75,0.75
809,7,1.0,7.89,138,237,1,35.9,0.0,0.5,9.48,0.0,1.0,56.88,2.5,6.75,0.75
810,7,1.0,9.27,138,97,1,47.1,0.0,0.5,5.0,0.0,1.0,60.35,0.0,6.75,0.0
811,7,1.0,10.5,138,113,1,43.6,0.0,0.5,11.02,0.0,1.0,66.12,2.5,6.75,0.75
812,7,1.0,0.0,138,181,1,23.3,0.0,0.5,9.76,0.0,1.0,42.31,0.0,6.75,0.0
813,7,1.0,82.11,138,265,2,178.7,0.0,0.5,0.0,0.0,1.0,187.95,0.0,6.75,0.0
814,7,1.0,10.32,138,113,1,43.6,0.0,0.5,11.22,0.0,1.0,67.32,2.5,6.75,0.75
815,7,1.0,8.04,138,229,1,35.9,0.0,0.5,9.68,0.0,1.0,58.08,2.5,6.75,0.75
816,7,1.0,2.88,138,129,1,16.3,0.0,0.5,1.45,0.0,1.0,27.0,0.0,6.75,0.0
817,7,1.0,10.91,138,209,1,45.7,0.0,0.5,11.64,0.0,1.0,69.84,2.5,6.75,0.75
818,7,1.0,12.38,138,13,1,50.6,0.0,0.5,12.62,0.0,1.0,75.72,2.5,6.75,0.75
819,7,1.0,10.6,138,66,1,41.5,0.0,0.5,5.0,0.0,1.0,55.75,0.0,6.75,0.0
820,7,1.0,10.18,138,65,1,40.1,0.0,0.5,9.87,0.0,1.0,59.22,0.0,6.75,0.0
821,7,1.0,10.45,138,231,1,41.5,0.0,0.5,10.8,0.0,1.0,64.8,2.5,6.75,0.75
822,7,1.0,10.32,138,25,1,39.4,0.0,0.5,9.73,0.0,1.0,58.38,0.0,6.75,0.0
823,7,1.0,7.64,138,163,1,35.2,0.0,0.5,9.0,0.0,1.0,56.7,2.5,6.75,0.75
824,7,1.0,13.15,138,225,1,63.9,0.0,0.5,14.43,0.0,1.0,86.58,0.0,6.75,0.0
825,7,1.0,5.45,138,83,1,26.8,0.0,0.5,7.01,0.0,1.0,42.06,0.0,6.75,0.0
826,7,1.0,14.8,138,246,1,66.0,0.0,0.5,12.0,0.0,1.0,89.5,2.5,6.75,0.75
827,7,1.0,11.77,138,231,1,54.1,0.0,0.5,7.0,0.0,1.0,72.6,2.5,6.75,0.75
828,7,1.0,11.42,138,177,1,43.6,0.0,0.5,2.0,0.0,1.0,53.85,0.0,6.75,0.0
829,7,1.0,0.0,138,138,3,4.4,0.0,0.5,0.0,0.0,1.0,12.65,0.0,6.75,0.0
830,7,1.0,9.37,138,230,1,49.2,0.0,0.5,12.14,0.0,1.0,72.84,2.5,6.75,0.75
831,7,2.0,7.14,138,112,1,32.4,0.0,0.5,5.0,0.0,1.0,45.65,0.0,6.75,0.0
832,7,1.0,7.89,138,112,1,37.3,0.0,0.5,9.61,0.0,1.0,57.66,0.0,6.75,0.0
833,7,1.0,11.46,138,87,1,58.3,0.0,0.5,14.46,0.0,1.0,86.76,2.5,6.75,0.75
834,7,1.0,8.83,138,230,1,44.3,0.0,0.5,11.66,0.0,1.0,69.96,2.5,6.75,0.75
835,7,2.0,9.63,138,79,2,47.1,0.0,0.5,0.0,0.0,1.0,61.1,2.5,6.75,0.75
836,7,2.0,2.26,138,70,1,13.5,0.0,0.5,0.0,0.0,1.0,24.25,0.0,6.75,0.0
837,7,1.0,11.66,138,132,1,44.3,0.0,0.5,10.71,0.0,1.0,64.26,0.0,6.75,0.0
838,7,1.0,7.35,138,255,1,30.3,0.0,0.5,7.91,0.0,1.0,47.46,0.0,6.75,0.0
839,7,2.0,9.75,138,65,1,38.7,0.0,0.5,9.59,0.0,1.0,57.54,0.0,6.75,0.0
840,7,1.0,13.2,138,261,1,51.3,0.0,0.5,9.5,0.0,1.0,73.3,2.5,6.75,0.75
841,7,1.0,6.43,138,229,1,28.2,0.0,0.5,10.0,0.0,1.0,50.7,2.5,6.75,0.75
842,7,1.0,4.39,138,193,2,18.4,0.0,0.5,0.0,0.0,1.0,27.65,0.0,6.75,0.0
843,7,1.0,11.42,138,40,1,58.3,0.0,0.5,16.89,0.0,1.0,84.44,0.0,6.75,0.0
844,7,1.0,13.89,138,133,1,54.1,0.0,0.5,12.47,0.0,1.0,74.82,0.0,6.75,0.0
845,7,2.0,9.86,132,138,2,42.9,0.0,0.5,0.0,0.0,1.0,51.15,0.0,6.75,0.0
846,7,1.0,0.0,138,138,3,3.7,0.0,0.5,0.0,0.0,1.0,11.95,0.0,6.75,0.0
847,7,1.0,9.13,138,161,1,47.1,0.0,0.5,10.0,0.0,1.0,68.6,2.5,6.75,0.75
848,7,1.0,13.14,138,231,1,66.7,0.0,0.5,15.64,0.0,1.0,93.84,2.5,6.75,0.75
849,7,1.0,12.0,138,38,1,47.8,0.0,0.5,1.0,0.0,1.0,57.05,0.0,6.75,0.0
850,7,3.0,0.0,138,138,3,65.0,0.0,0.5,0.0,0.0,1.0,73.25,0.0,6.75,0.0
851,7,1.0,6.6,138,74,1,30.3,0.0,0.5,7.71,0.0,1.0,46.26,0.0,6.75,0.0
852,7,1.0,10.43,138,162,1,43.6,0.0,0.5,13.78,0.0,1.0,68.88,2.5,6.75,0.75
853,7,2.0,11.49,138,87,1,48.5,0.0,0.5,12.0,0.0,1.0,72.0,2.5,6.75,0.75
854,7,2.0,8.32,138,163,1,50.6,0.0,0.5,12.42,0.0,1.0,74.52,2.5,6.75,0.75
855,7,1.0,8.15,138,170,1,48.5,0.0,0.5,12.5,0.0,1.0,75.0,2.5,6.75,0.75
856,7,1.0,2.92,138,92,2,14.9,0.0,0.5,0.0,0.0,1.0,25.65,0.0,6.75,0.0
857,7,2.0,7.42,138,170,1,53.4,0.0,0.5,13.48,0.0,1.0,80.88,2.5,6.75,0.75
858,7,1.0,7.17,138,112,1,31.0,0.0,0.5,8.35,0.0,1.0,50.1,0.0,6.75,0.0
859,7,1.0,10.4,138,87,1,45.7,0.0,0.5,11.94,0.0,1.0,71.64,2.5,6.75,0.75
860,7,1.0,7.31,138,256,1,30.3,0.0,0.5,0.0,0.0,1.0,41.05,0.0,6.75,0.0
861,7,1.0,11.92,138,211,1,47.1,0.0,0.5,14.9,0.0,1.0,74.5,2.5,6.75,0.75
862,7,1.0,9.06,138,163,1,38.0,0.0,0.5,10.1,0.0,1.0,60.6,2.5,6.75,0.75
863,7,1.0,3.58,138,7,1,17.0,0.0,0.5,0.0,0.0,1.0,26.25,0.0,6.75,0.0
864,7,1.0,10.5,138,232,1,42.9,0.0,0.5,11.08,0.0,1.0,66.48,2.5,6.75,0.75
865,7,1.0,10.2,138,125,1,50.6,0.0,0.5,15.53,0.0,1.0,77.63,2.5,6.75,0.75
866,7,1.0,9.7,138,66,1,39.4,0.0,0.5,9.53,0.0,1.0,57.18,0.0,6.75,0.0
867,7,1.0,0.95,138,138,1,6.5,0.0,0.5,2.95,0.0,1.0,17.7,0.0,6.75,0.0
868,7,2.0,0.69,138,138,1,65.0,0.0,0.5,14.65,0.0,1.0,87.9,0.0,6.75,0.0
869,7,2.0,8.43,138,170,1,35.9,0.0,0.5,5.0,0.0,1.0,52.4,2.5,6.75,0.75
870,7,1.0,11.42,138,132,1,49.9,0.0,0.5,11.63,0.0,1.0,69.78,0.0,6.75,0.0
871,7,1.0,9.4,138,144,1,41.5,0.0,0.5,13.25,0.0,1.0,66.25,2.5,6.75,0.75
872,7,1.0,11.28,138,45,1,52.7,0.0,0.5,16.05,0.0,1.0,80.25,2.5,6.75,0.75
873,7,1.0,5.72,138,82,2,28.2,0.0,0.5,0.0,0.0,1.0,38.95,0.0,6.75,0.0
874,7,1.0,6.87,138,237,1,33.8,0.0,0.5,4.0,0.0,1.0,51.8,2.5,6.75,0.75
875,7,1.0,22.52,70,201,1,84.9,0.0,0.5,19.85,2.6,1.0,119.1,0.0,6.75,0.0
876,7,1.0,9.49,138,148,1,38.7,0.0,0.5,10.88,3.18,1.0,65.26,2.5,6.75,0.75
877,7,1.0,7.93,138,166,1,35.2,0.0,0.5,10.28,6.94,1.0,61.67,0.0,6.75,0.0
878,7,2.0,6.55,138,74,1,27.5,0.0,0.5,8.74,6.94,1.0,52.43,0.0,6.75,0.0
879,7,1.0,7.55,138,263,1,29.6,0.0,0.5,3.0,6.94,1.0,51.29,2.5,6.75,0.0
880,7,2.0,11.72,138,208,2,45.0,0.0,0.5,0.0,6.94,1.0,61.19,0.0,6.75,0.0
881,7,1.0,7.69,138,75,1,37.3,0.0,0.5,10.5,6.94,1.0,62.99,0.0,6.75,0.0
882,7,2.0,8.74,138,48,1,45.7,0.0,0.5,12.83,6.94,1.0,76.97,2.5,6.75,0.75
883,7,2.0,14.94,138,87,1,58.3,0.0,0.5,15.35,6.94,1.0,92.09,2.5,6.75,0.75
884,7,1.0,7.89,138,42,1,34.5,0.0,0.5,9.94,6.94,1.0,59.63,0.0,6.75,0.0
885,7,3.0,11.33,138,163,1,46.4,0.0,0.5,16.21,6.94,1.0,81.05,2.5,6.75,0.75
886,7,1.0,9.99,138,161,1,41.5,0.0,0.5,11.99,6.94,1.0,71.93,2.5,6.75,0.75
887,7,1.0,9.31,138,163,1,41.5,0.0,0.5,11.99,6.94,1.0,71.93,2.5,6.75,0.75
888,7,1.0,8.89,138,236,1,40.1,0.0,0.5,11.56,6.94,1.0,69.35,2.5,6.75,0.0
889,7,1.0,12.1,138,87,1,47.1,0.0,0.5,5.0,6.94,1.0,70.54,2.5,6.75,0.75
890,7,1.0,9.58,138,237,1,43.6,0.0,0.5,12.26,6.94,1.0,73.55,2.5,6.75,0.0
891,7,2.0,9.25,138,234,1,38.0,0.0,0.5,20.0,6.94,1.0,76.44,2.5,6.75,0.75
892,7,1.0,8.64,138,137,1,34.5,0.0,0.5,10.59,6.94,1.0,63.53,2.5,6.75,0.75
893,7,1.0,10.16,138,243,1,52.0,0.0,0.5,13.94,6.94,1.0,83.63,0.0,6.75,0.0
894,7,1.0,9.58,138,141,1,40.8,0.0,0.5,12.2,6.94,1.0,73.19,2.5,6.75,0.0
895,7,1.0,9.4,138,230,1,51.3,0.0,0.5,13.0,6.94,1.0,85.24,2.5,6.75,0.75
896,7,1.0,8.21,138,162,1,42.9,0.0,0.5,5.0,6.94,1.0,68.84,2.5,6.75,0.75
897,7,2.0,12.02,138,239,1,66.0,0.0,0.5,5.0,6.94,1.0,91.19,2.5,6.75,0.0
898,7,1.0,11.29,138,224,1,47.8,0.0,0.5,13.75,6.94,1.0,82.49,2.5,6.75,0.75
899,7,1.0,9.7,138,68,1,49.2,0.0,0.5,17.54,6.94,1.0,87.68,2.5,6.75,0.75
900,7,1.0,8.25,138,263,1,35.2,0.0,0.5,13.85,6.94,1.0,69.24,2.5,6.75,0.0
901,7,1.0,14.76,138,87,1,57.6,0.0,0.5,5.0,6.94,1.0,83.54,2.5,6.75,0.75
902,7,2.0,8.99,138,164,1,45.0,0.0,0.5,13.19,6.94,1.0,79.13,2.5,6.75,0.75
903,7,1.0,5.83,138,74,1,24.0,0.0,0.5,8.34,6.94,1.0,50.03,0.0,6.75,0.0
904,7,1.0,11.24,138,164,1,45.7,0.0,0.5,10.0,6.94,1.0,76.64,2.5,6.75,0.75
905,7,1.0,10.41,138,142,1,42.9,0.0,0.5,5.0,6.94,1.0,68.84,2.5,6.75,0.75
906,7,1.0,9.99,138,68,1,49.9,0.0,0.5,14.37,6.94,1.0,86.21,2.5,6.75,0.75
907,7,1.0,10.55,138,158,1,49.2,0.0,0.5,14.23,6.94,1.0,85.37,2.5,6.75,0.75
908,7,1.0,9.36,138,229,1,37.3,0.0,0.5,3.0,6.94,1.0,59.74,2.5,6.75,0.75
909,7,1.0,8.15,138,162,1,33.1,0.0,0.5,11.01,6.94,1.0,66.05,2.5,6.75,0.75
910,7,2.0,8.49,138,234,1,36.6,0.0,0.5,11.21,6.94,1.0,67.25,2.5,6.75,0.75
911,7,1.0,8.86,138,230,1,38.0,0.0,0.5,11.49,6.94,1.0,68.93,2.5,6.75,0.75
912,7,1.0,8.79,70,233,1,34.5,0.0,0.5,8.09,6.94,1.0,62.03,2.5,6.75,0.75
913,7,2.0,13.04,138,113,1,51.3,0.0,0.5,13.95,6.94,1.0,83.69,2.5,6.75,0.75
914,7,3.0,15.05,138,13,2,55.5,0.0,0.5,0.0,6.94,1.0,73.94,2.5,6.75,0.75
915,7,1.0,9.16,138,68,1,37.3,0.0,0.5,0.0,6.94,1.0,55.74,2.5,6.75,0.75
916,7,2.0,12.3,138,90,1,52.0,0.0,0.5,14.09,6.94,1.0,84.53,2.5,6.75,0.75
917,7,3.0,8.84,138,68,1,40.8,0.0,0.5,14.81,6.94,1.0,74.05,2.5,6.75,0.75
918,7,1.0,8.86,138,186,3,42.9,0.0,0.5,0.0,6.94,1.0,61.34,2.5,6.75,0.75
919,7,2.0,8.76,70,147,1,40.1,0.0,0.5,11.06,6.94,1.0,66.35,0.0,6.75,0.0
920,7,1.0,9.53,138,229,1,38.0,0.0,0.5,11.29,6.94,1.0,67.73,2.5,6.75,0.75
921,7,1.0,8.97,138,230,1,40.1,0.0,0.5,11.71,6.94,1.0,70.25,2.5,6.75,0.75
922,7,1.0,8.73,138,236,1,40.1,0.0,0.5,14.45,6.94,1.0,72.24,2.5,6.75,0.0
923,7,1.0,10.58,138,143,1,45.0,0.0,0.5,12.54,6.94,1.0,75.23,2.5,6.75,0.0
924,7,2.0,10.19,138,4,1,40.8,0.0,0.5,11.85,6.94,1.0,71.09,2.5,6.75,0.75
925,7,1.0,10.81,138,113,1,45.7,0.0,0.5,10.0,6.94,1.0,74.14,2.5,6.75,0.75
926,7,1.0,9.63,70,229,1,38.7,0.0,0.5,11.28,6.94,1.0,67.67,2.5,6.75,0.0
927,7,1.0,9.87,138,237,1,41.5,0.0,0.5,8.0,6.94,1.0,67.19,2.5,6.75,0.0
928,7,1.0,9.84,138,163,1,43.6,0.0,0.5,12.41,6.94,1.0,74.45,2.5,6.75,0.75
929,7,1.0,8.16,138,41,1,33.8,0.0,0.5,10.0,6.94,1.0,59.99,0.0,6.75,0.0
930,7,1.0,9.37,138,230,1,38.7,0.0,0.5,5.0,6.94,1.0,62.14,2.5,6.75,0.75
931,7,2.0,9.96,138,163,1,40.8,0.0,0.5,11.85,6.94,1.0,71.09,2.5,6.75,0.75
932,7,3.0,10.19,138,142,1,42.2,0.0,0.5,11.98,6.94,1.0,71.87,2.5,6.75,0.0
933,7,1.0,9.85,138,239,1,40.8,0.0,0.5,11.7,6.94,1.0,70.19,2.5,6.75,0.0
934,7,1.0,7.6,138,170,1,30.3,0.0,0.5,9.75,6.94,1.0,58.49,2.5,6.75,0.75
935,7,1.0,9.03,138,230,1,43.6,0.0,0.5,15.51,6.94,1.0,77.55,2.5,6.75,0.75
936,7,1.0,8.91,138,161,1,36.6,0.0,0.5,16.51,6.94,1.0,71.55,2.5,6.75,0.75
937,7,1.0,9.32,138,90,1,40.8,0.0,0.5,11.85,6.94,1.0,71.09,2.5,6.75,0.75
938,7,2.0,10.89,138,250,2,42.2,0.0,0.5,0.0,6.94,1.0,57.39,0.0,6.75,0.0
939,7,1.0,10.57,138,230,1,45.0,0.0,0.5,0.0,6.94,1.0,63.44,2.5,6.75,0.75
940,7,1.0,11.64,138,170,1,50.6,0.0,0.5,20.71,6.94,1.0,89.75,2.5,6.75,0.75
941,7,1.0,10.38,138,162,1,40.8,0.0,0.5,11.85,6.94,1.0,71.09,2.5,6.75,0.75
942,7,1.0,11.53,138,107,1,47.8,0.0,0.5,9.94,6.94,1.0,76.18,2.5,6.75,0.75
943,7,1.0,10.13,138,249,1,45.7,0.0,0.5,10.0,6.94,1.0,74.14,2.5,6.75,0.75
944,7,1.0,9.63,138,90,1,41.5,0.0,0.5,11.99,6.94,1.0,71.93,2.5,6.75,0.75
945,7,1.0,9.27,138,229,2,36.6,0.0,0.5,0.0,6.94,1.0,55.04,2.5,6.75,0.75
946,7,1.0,9.74,138,113,1,42.2,0.0,0.5,12.13,6.94,1.0,72.77,2.5,6.75,0.75
947,7,1.0,8.77,138,238,1,38.7,0.0,0.5,11.28,6.94,1.0,67.67,2.5,6.75,0.0
948,7,1.0,8.73,138,164,1,49.2,0.0,0.5,13.53,6.94,1.0,81.17,2.5,6.75,0.75
949,7,1.0,15.48,138,13,1,59.0,0.0,0.5,15.34,6.94,1.0,92.03,2.5,6.75,0.0
950,7,1.0,8.97,138,161,1,44.3,0.0,0.5,12.55,6.94,1.0,75.29,2.5,6.75,0.75
951,7,1.0,9.62,138,142,1,42.2,0.0,0.5,5.0,6.94,1.0,64.89,2.5,6.75,0.0
952,7,1.0,8.99,138,161,1,38.0,0.0,0.5,11.29,6.94,1.0,67.73,2.5,6.75,0.75
953,7,1.0,9.1,138,140,1,35.2,0.0,0.5,13.22,6.94,1.0,66.11,2.5,6.75,0.0
954,7,1.0,8.88,138,164,1,39.4,0.0,0.5,11.57,6.94,1.0,69.41,2.5,6.75,0.75
955,7,1.0,10.63,138,163,1,45.7,0.0,0.5,12.83,6.94,1.0,76.97,2.5,6.75,0.75
956,7,1.0,11.19,138,48,1,46.4,0.0,0.5,12.97,6.94,1.0,77.81,2.5,6.75,0.75
957,7,2.0,8.96,138,236,1,35.2,0.0,0.5,7.0,6.94,1.0,59.89,2.5,6.75,0.0
958,7,1.0,8.07,138,263,1,31.7,0.0,0.5,12.6,6.94,1.0,62.99,2.5,6.75,0.0
959,7,1.0,8.06,138,164,1,32.4,0.0,0.5,10.37,6.94,1.0,62.21,2.5,6.75,0.75
960,7,1.0,12.0,138,79,1,47.1,0.0,0.5,13.31,6.94,1.0,79.85,2.5,6.75,0.75
961,7,2.0,9.06,138,90,1,37.3,0.0,0.5,11.35,6.94,1.0,68.09,2.5,6.75,0.75
962,7,2.0,11.08,138,239,1,48.5,0.0,0.5,13.44,6.94,1.0,80.63,2.5,6.75,0.0
963,7,3.0,8.42,138,233,1,32.4,0.0,0.5,10.37,6.94,1.0,62.21,2.5,6.75,0.75
964,7,1.0,8.26,138,236,1,33.1,0.0,0.5,12.95,6.94,1.0,64.74,2.5,6.75,0.0
965,7,2.0,10.05,138,143,1,42.9,0.0,0.5,12.32,6.94,1.0,73.91,2.5,6.75,0.0
966,7,1.0,9.4,138,234,1,41.5,0.0,0.5,11.99,6.94,1.0,71.93,2.5,6.75,0.75
967,7,1.0,6.18,138,42,1,31.7,0.0,0.5,10.0,6.94,1.0,56.89,0.0,6.75,0.0
968,7,1.0,9.35,138,239,1,41.5,0.0,0.5,11.84,6.94,1.0,71.03,2.5,6.75,0.0
969,7,1.0,12.27,138,230,1,56.9,0.0,0.5,15.07,6.94,1.0,90.41,2.5,6.75,0.75
970,7,1.0,7.7,138,170,1,36.6,0.0,0.5,11.01,6.94,1.0,66.05,2.5,6.75,0.75
971,7,1.0,11.66,138,161,1,49.9,0.0,0.5,10.0,6.94,1.0,78.34,2.5,6.75,0.75
972,7,1.0,9.48,138,90,1,45.0,0.0,0.5,12.69,6.94,1.0,76.13,2.5,6.75,0.75
973,7,1.0,11.01,138,170,1,47.1,0.0,0.5,16.39,6.94,1.0,81.93,2.5,6.75,0.75
974,7,1.0,9.08,138,234,1,42.9,0.0,0.5,12.27,6.94,1.0,73.61,2.5,6.75,0.75
975,7,2.0,5.72,138,74,1,24.7,0.0,0.5,7.98,6.94,1.0,47.87,0.0,6.75,0.0
976,7,1.0,8.16,138,164,1,38.0,0.0,0.5,10.0,6.94,1.0,66.44,2.5,6.75,0.75
977,7,1.0,8.57,138,170,1,35.9,0.0,0.5,13.59,6.94,1.0,67.93,2.5,6.75,0.75
978,7,3.0,8.96,138,238,1,40.8,0.0,0.5,17.55,6.94,1.0,76.04,2.5,6.75,0.0
979,7,1.0,8.56,138,164,1,39.4,0.0,0.5,3.0,6.94,1.0,60.84,2.5,6.75,0.75
980,7,2.0,8.97,138,238,1,40.8,0.0,0.5,0.01,6.94,1.0,58.5,2.5,6.75,0.0
981,7,1.0,8.7,138,164,1,40.1,0.0,0.5,7.46,6.94,1.0,66.0,2.5,6.75,0.75
982,7,1.0,8.21,138,170,1,35.2,0.0,0.5,10.73,6.94,1.0,64.37,2.5,6.75,0.75
983,7,1.0,8.55,138,100,1,45.0,0.0,0.5,13.19,6.94,1.0,79.13,2.5,6.75,0.75
984,7,1.0,9.12,138,238,1,40.1,0.0,0.5,3.0,6.94,1.0,60.79,0.0,6.75,0.0
985,7,1.0,10.54,138,230,1,44.3,0.0,0.5,13.05,6.94,1.0,78.29,2.5,6.75,0.75
986,7,2.0,8.44,138,100,1,37.3,0.0,0.5,11.65,6.94,1.0,69.89,2.5,6.75,0.75
987,7,1.0,7.93,138,170,1,31.0,0.0,0.5,10.39,6.94,1.0,62.33,2.5,6.75,0.75
988,7,1.0,8.9,138,164,1,37.3,0.0,0.5,11.35,6.94,1.0,68.09,2.5,6.75,0.75
989,7,1.0,6.51,138,41,1,26.1,0.0,0.5,8.96,6.94,1.0,53.75,0.0,6.75,0.0
990,7,1.0,27.34,138,265,1,75.8,0.0,0.5,7.0,6.94,1.0,98.99,0.0,6.75,0.0
991,7,1.0,10.97,138,142,1,43.6,0.0,0.5,0.0,6.94,1.0,63.04,2.5,6.75,0.75
992,7,1.0,11.16,138,32,1,44.3,0.0,0.5,5.0,6.94,1.0,65.49,0.0,6.75,0.0
993,7,1.0,9.21,138,107,1,39.4,0.0,0.5,8.83,6.94,1.0,67.67,2.5,6.75,0.75
994,7,1.0,11.85,138,100,1,51.3,0.0,0.5,13.95,6.94,1.0,83.69,2.5,6.75,0.75
995,7,1.0,8.97,138,234,1,40.1,0.0,0.5,14.63,6.94,1.0,73.17,2.5,6.75,0.75
996,7,1.0,8.81,138,107,1,42.2,0.0,0.5,12.13,6.94,1.0,72.77,2.5,6.75,0.75
997,7,1.0,14.77,138,87,1,64.6,0.0,0.5,16.61,6.94,1.0,99.65,2.5,6.75,0.75
998,7,1.0,9.07,138,107,1,44.3,0.0,0.5,12.55,6.94,1.0,75.29,2.5,6.75,0.75
999,7,4.0,23.89,138,265,1,100.0,0.0,0.5,50.0,9.54,1.0,167.79,0.0,6.75,0.0
